date,category,amount
2023-01-01,Ingredients,125.38398469474409
2023-01-01,Utilities,397.5616970044593
2023-01-01,Rent,1084.787000931011
2023-01-01,Salaries,406.1927862998715
2023-01-01,Maintenance,278.6819684223514
2023-01-01,Marketing,391.034380785865
2023-01-02,Ingredients,252.6606075635936
2023-01-02,Utilities,455.47482857856556
2023-01-02,Rent,1138.2593411992589
2023-01-02,Salaries,395.0630832069768
2023-01-02,Maintenance,123.53900590396643
2023-01-02,Marketing,447.1899987107342
2023-01-03,Ingredients,62.79840386140513
2023-01-03,Utilities,255.84625528398502
2023-01-03,Rent,1210.6291395450614
2023-01-03,Salaries,330.7058082971717
2023-01-03,Maintenance,248.4200117978964
2023-01-03,Marketing,315.04040239744785
2023-01-04,Ingredients,437.76632880055206
2023-01-04,Utilities,113.91283618208315
2023-01-04,Rent,1122.0736597207917
2023-01-04,Salaries,411.2689634138426
2023-01-04,Maintenance,152.62878882420853
2023-01-04,Marketing,457.5442981839438
2023-01-05,Ingredients,293.36510625437813
2023-01-05,Utilities,86.8389483583834
2023-01-05,Rent,1010.3301337232614
2023-01-05,Salaries,393.30706281193426
2023-01-05,Maintenance,435.35787441866694
2023-01-05,Marketing,157.93906940027247
2023-01-06,Ingredients,158.35095686916648
2023-01-06,Utilities,479.34594690688436
2023-01-06,Rent,1328.0935683336486
2023-01-06,Salaries,125.42635055821748
2023-01-06,Maintenance,251.8641236033123
2023-01-06,Marketing,459.696252043925
2023-01-07,Ingredients,329.52838790197467
2023-01-07,Utilities,233.36131989150763
2023-01-07,Rent,1075.5167500133525
2023-01-07,Salaries,376.70082995099654
2023-01-07,Maintenance,174.36330011200627
2023-01-07,Marketing,304.65981819690967
2023-01-08,Ingredients,320.06309008887314
2023-01-08,Utilities,299.95226686523546
2023-01-08,Rent,1123.2463957883938
2023-01-08,Salaries,368.7235673987008
2023-01-08,Maintenance,304.7225025526084
2023-01-08,Marketing,231.65731850471408
2023-01-09,Ingredients,73.45888365674338
2023-01-09,Utilities,199.06870813172767
2023-01-09,Rent,1176.223753941253
2023-01-09,Salaries,406.0235143553311
2023-01-09,Maintenance,281.0511803350132
2023-01-09,Marketing,469.4534891171697
2023-01-10,Ingredients,387.82844209335457
2023-01-10,Utilities,292.1020919210284
2023-01-10,Rent,1084.4429027737292
2023-01-10,Salaries,149.4649407367379
2023-01-10,Maintenance,122.03571535608936
2023-01-10,Marketing,249.28283021580864
2023-01-11,Ingredients,375.13619797949946
2023-01-11,Utilities,391.69617135051226
2023-01-11,Rent,1048.0756149851986
2023-01-11,Salaries,273.15987613511817
2023-01-11,Maintenance,266.6482738137987
2023-01-11,Marketing,247.49899354227693
2023-01-12,Ingredients,185.54719890010395
2023-01-12,Utilities,264.1136278598299
2023-01-12,Rent,1258.3033642450514
2023-01-12,Salaries,319.8632749135726
2023-01-12,Maintenance,219.81432527563626
2023-01-12,Marketing,475.29528593684125
2023-01-13,Ingredients,202.47739729589128
2023-01-13,Utilities,452.77291405844807
2023-01-13,Rent,1400.626759414562
2023-01-13,Salaries,259.37181813961973
2023-01-13,Maintenance,273.3405708512281
2023-01-13,Marketing,441.4377150796051
2023-01-14,Ingredients,271.726253230434
2023-01-14,Utilities,355.7208082083528
2023-01-14,Rent,1404.6514440799015
2023-01-14,Salaries,458.546547315043
2023-01-14,Maintenance,148.1738733931224
2023-01-14,Marketing,488.9145967804791
2023-01-15,Ingredients,484.4001064253199
2023-01-15,Utilities,183.80973585857998
2023-01-15,Rent,1306.864059326844
2023-01-15,Salaries,71.113077929975
2023-01-15,Maintenance,125.52230304807
2023-01-15,Marketing,312.7177297221274
2023-01-16,Ingredients,342.5478082780815
2023-01-16,Utilities,290.5713411303863
2023-01-16,Rent,1352.361078850114
2023-01-16,Salaries,406.80084429871147
2023-01-16,Maintenance,125.8060215939522
2023-01-16,Marketing,346.8277604979786
2023-01-17,Ingredients,303.1692065370442
2023-01-17,Utilities,102.91380931382378
2023-01-17,Rent,1114.302244889073
2023-01-17,Salaries,238.85105828049677
2023-01-17,Maintenance,438.69129610736553
2023-01-17,Marketing,147.66160141313836
2023-01-18,Ingredients,132.3156614907233
2023-01-18,Utilities,374.42827752641256
2023-01-18,Rent,1487.8964714166684
2023-01-18,Salaries,251.29794095319505
2023-01-18,Maintenance,207.56192648599216
2023-01-18,Marketing,164.27326519380898
2023-01-19,Ingredients,72.38338864668493
2023-01-19,Utilities,130.28635468929312
2023-01-19,Rent,1046.7075331092337
2023-01-19,Salaries,272.3456996104015
2023-01-19,Maintenance,490.18888712933534
2023-01-19,Marketing,404.3310908768473
2023-01-20,Ingredients,320.7605376198883
2023-01-20,Utilities,268.9872213853907
2023-01-20,Rent,1308.590995515954
2023-01-20,Salaries,219.21198938448507
2023-01-20,Maintenance,130.27338214021162
2023-01-20,Marketing,315.39814411953967
2023-01-21,Ingredients,287.6464800507478
2023-01-21,Utilities,475.04150951839074
2023-01-21,Rent,1324.9164235320284
2023-01-21,Salaries,398.04372898892984
2023-01-21,Maintenance,91.71577214846222
2023-01-21,Marketing,392.4216502693289
2023-01-22,Ingredients,492.2819767109601
2023-01-22,Utilities,345.8730025591631
2023-01-22,Rent,1371.0418518576757
2023-01-22,Salaries,490.78456084600447
2023-01-22,Maintenance,226.07362537746877
2023-01-22,Marketing,420.8803310672375
2023-01-23,Ingredients,229.86163770359357
2023-01-23,Utilities,241.66337750001662
2023-01-23,Rent,1329.1209424653134
2023-01-23,Salaries,165.38862118494916
2023-01-23,Maintenance,496.751818786752
2023-01-23,Marketing,198.1542050737586
2023-01-24,Ingredients,105.28248267045356
2023-01-24,Utilities,195.14932565401912
2023-01-24,Rent,1427.983115144515
2023-01-24,Salaries,191.26761696740704
2023-01-24,Maintenance,325.11002671090694
2023-01-24,Marketing,470.8940948707931
2023-01-25,Ingredients,166.98472540102634
2023-01-25,Utilities,109.11439763410448
2023-01-25,Rent,1048.4241249315594
2023-01-25,Salaries,248.16569019062047
2023-01-25,Maintenance,96.92901618032337
2023-01-25,Marketing,254.2137833616225
2023-01-26,Ingredients,438.22262261777917
2023-01-26,Utilities,399.8677226173843
2023-01-26,Rent,1290.8504267204028
2023-01-26,Salaries,432.69012775323927
2023-01-26,Maintenance,95.12152156935869
2023-01-26,Marketing,324.2379631849778
2023-01-27,Ingredients,102.03861691668033
2023-01-27,Utilities,266.9627350708766
2023-01-27,Rent,1231.7311886864882
2023-01-27,Salaries,169.3199142190553
2023-01-27,Maintenance,423.43458688293
2023-01-27,Marketing,152.7024496713042
2023-01-28,Ingredients,298.3524108073828
2023-01-28,Utilities,267.01760526416416
2023-01-28,Rent,1215.8261056311896
2023-01-28,Salaries,65.09396668007025
2023-01-28,Maintenance,363.5302366852186
2023-01-28,Marketing,55.708404497480934
2023-01-29,Ingredients,419.24624186694007
2023-01-29,Utilities,169.87756405611069
2023-01-29,Rent,1060.002715774536
2023-01-29,Salaries,237.6683039072629
2023-01-29,Maintenance,301.7122473708425
2023-01-29,Marketing,189.66319636622248
2023-01-30,Ingredients,104.80314782548287
2023-01-30,Utilities,58.247273277670615
2023-01-30,Rent,1351.9066214552497
2023-01-30,Salaries,448.89610714809686
2023-01-30,Maintenance,95.23447460589111
2023-01-30,Marketing,153.78519496770474
2023-01-31,Ingredients,59.10312215665013
2023-01-31,Utilities,448.2798058172709
2023-01-31,Rent,1222.369274619689
2023-01-31,Salaries,466.33784379111677
2023-01-31,Maintenance,260.64469865078865
2023-01-31,Marketing,437.98239786180625
2023-02-01,Ingredients,478.2903927132091
2023-02-01,Utilities,200.81825290492353
2023-02-01,Rent,1320.3555275921797
2023-02-01,Salaries,349.88900136926645
2023-02-01,Maintenance,59.63393083780714
2023-02-01,Marketing,247.20312415832382
2023-02-02,Ingredients,434.89752794229435
2023-02-02,Utilities,475.82836811232943
2023-02-02,Rent,1449.610436862769
2023-02-02,Salaries,487.8040698848924
2023-02-02,Maintenance,343.8688381038759
2023-02-02,Marketing,154.75972328487958
2023-02-03,Ingredients,308.9219770094999
2023-02-03,Utilities,239.51478047764834
2023-02-03,Rent,1129.3262877410891
2023-02-03,Salaries,397.75376513773256
2023-02-03,Maintenance,333.1394284624273
2023-02-03,Marketing,405.5468937895449
2023-02-04,Ingredients,171.27080051752668
2023-02-04,Utilities,456.748045528246
2023-02-04,Rent,1119.356869959586
2023-02-04,Salaries,320.8650862008315
2023-02-04,Maintenance,75.60259852988067
2023-02-04,Marketing,293.43392078641335
2023-02-05,Ingredients,94.42553441834
2023-02-05,Utilities,199.49670274091497
2023-02-05,Rent,1430.3446293487916
2023-02-05,Salaries,452.0872918132488
2023-02-05,Maintenance,395.28433873104984
2023-02-05,Marketing,215.4667063569635
2023-02-06,Ingredients,310.4252667451678
2023-02-06,Utilities,150.79053487980133
2023-02-06,Rent,1339.1745975721333
2023-02-06,Salaries,206.33135828052778
2023-02-06,Maintenance,149.4493708646279
2023-02-06,Marketing,313.23666105494124
2023-02-07,Ingredients,100.31098611540024
2023-02-07,Utilities,359.01454127758353
2023-02-07,Rent,1093.5027124643427
2023-02-07,Salaries,299.05491244243547
2023-02-07,Maintenance,226.6288186784778
2023-02-07,Marketing,304.81011984646625
2023-02-08,Ingredients,160.68284139820014
2023-02-08,Utilities,189.67519345717116
2023-02-08,Rent,1070.1605471533585
2023-02-08,Salaries,399.634540466298
2023-02-08,Maintenance,81.5504111286202
2023-02-08,Marketing,219.3955306458136
2023-02-09,Ingredients,252.09355533074753
2023-02-09,Utilities,137.8427953163004
2023-02-09,Rent,1192.4108077666685
2023-02-09,Salaries,238.13969949123032
2023-02-09,Maintenance,150.94867594354506
2023-02-09,Marketing,337.66508393358276
2023-02-10,Ingredients,63.884302386008414
2023-02-10,Utilities,138.90409872764445
2023-02-10,Rent,1312.03748573079
2023-02-10,Salaries,332.38734842754144
2023-02-10,Maintenance,169.36816951304303
2023-02-10,Marketing,357.37215755177976
2023-02-11,Ingredients,261.4049667980818
2023-02-11,Utilities,287.26099810387126
2023-02-11,Rent,1166.3051816374211
2023-02-11,Salaries,492.92254466965187
2023-02-11,Maintenance,381.8242521422721
2023-02-11,Marketing,161.79345478282272
2023-02-12,Ingredients,156.45347581559537
2023-02-12,Utilities,398.3780720706765
2023-02-12,Rent,1194.005460264711
2023-02-12,Salaries,91.18037985682389
2023-02-12,Maintenance,66.01996084305785
2023-02-12,Marketing,236.28020749067338
2023-02-13,Ingredients,236.6186202340156
2023-02-13,Utilities,368.08551595517906
2023-02-13,Rent,1287.3858276073117
2023-02-13,Salaries,396.55406051031935
2023-02-13,Maintenance,192.9885077515992
2023-02-13,Marketing,330.91316262064333
2023-02-14,Ingredients,448.566254421483
2023-02-14,Utilities,81.1791741913176
2023-02-14,Rent,1354.2256664562988
2023-02-14,Salaries,372.14735505599225
2023-02-14,Maintenance,407.3136305872498
2023-02-14,Marketing,171.07129390236213
2023-02-15,Ingredients,237.4343993031455
2023-02-15,Utilities,157.8687554055987
2023-02-15,Rent,1154.2909450613486
2023-02-15,Salaries,485.82882161774285
2023-02-15,Maintenance,250.54430343576547
2023-02-15,Marketing,431.8486013032304
2023-02-16,Ingredients,407.6959342925703
2023-02-16,Utilities,250.0367135797743
2023-02-16,Rent,1496.089565416197
2023-02-16,Salaries,428.3512335265339
2023-02-16,Maintenance,267.21277695211654
2023-02-16,Marketing,189.36755650125167
2023-02-17,Ingredients,83.88254809869993
2023-02-17,Utilities,259.1599572743825
2023-02-17,Rent,1180.0049517144157
2023-02-17,Salaries,370.11959745868865
2023-02-17,Maintenance,58.85526392306031
2023-02-17,Marketing,424.15145043088614
2023-02-18,Ingredients,237.48266200613887
2023-02-18,Utilities,261.37966191498805
2023-02-18,Rent,1091.3950889542896
2023-02-18,Salaries,471.8669457986178
2023-02-18,Maintenance,229.27423936386077
2023-02-18,Marketing,429.2261589513453
2023-02-19,Ingredients,156.8540557977149
2023-02-19,Utilities,93.49564842088012
2023-02-19,Rent,1317.880484939642
2023-02-19,Salaries,492.98742045474324
2023-02-19,Maintenance,341.1237063003666
2023-02-19,Marketing,323.92090550221434
2023-02-20,Ingredients,249.0038231110996
2023-02-20,Utilities,177.71058269455332
2023-02-20,Rent,1215.416628795561
2023-02-20,Salaries,117.0306253460659
2023-02-20,Maintenance,167.85804441046673
2023-02-20,Marketing,269.32343912561714
2023-02-21,Ingredients,115.15800185864269
2023-02-21,Utilities,406.18931874513186
2023-02-21,Rent,1005.7806600510434
2023-02-21,Salaries,194.71704110928874
2023-02-21,Maintenance,282.4931571907688
2023-02-21,Marketing,468.02651171347543
2023-02-22,Ingredients,308.0534942175849
2023-02-22,Utilities,182.70678920670022
2023-02-22,Rent,1176.0953436730597
2023-02-22,Salaries,202.6215275867836
2023-02-22,Maintenance,131.16622080929704
2023-02-22,Marketing,115.18190459651325
2023-02-23,Ingredients,266.2859421970846
2023-02-23,Utilities,171.61746851152594
2023-02-23,Rent,1045.9214341024942
2023-02-23,Salaries,147.41539556983548
2023-02-23,Maintenance,284.3267331184829
2023-02-23,Marketing,165.60195275790204
2023-02-24,Ingredients,156.98398208936425
2023-02-24,Utilities,329.29542309168016
2023-02-24,Rent,1344.7081826487
2023-02-24,Salaries,158.56064992520442
2023-02-24,Maintenance,262.4635792213611
2023-02-24,Marketing,394.05503885933433
2023-02-25,Ingredients,360.45691637181267
2023-02-25,Utilities,81.18082622016107
2023-02-25,Rent,1180.0354019667125
2023-02-25,Salaries,375.474061346217
2023-02-25,Maintenance,130.74687069026555
2023-02-25,Marketing,138.1672321528401
2023-02-26,Ingredients,333.57726850209076
2023-02-26,Utilities,177.6879291110316
2023-02-26,Rent,1161.8752136091248
2023-02-26,Salaries,285.2670286577547
2023-02-26,Maintenance,387.76127765039655
2023-02-26,Marketing,274.22998860783673
2023-02-27,Ingredients,452.0420963768068
2023-02-27,Utilities,97.98836842678222
2023-02-27,Rent,1377.0746140550405
2023-02-27,Salaries,294.637187058916
2023-02-27,Maintenance,417.50893111485004
2023-02-27,Marketing,192.381467439282
2023-02-28,Ingredients,266.94565112967194
2023-02-28,Utilities,420.6189739027599
2023-02-28,Rent,1415.8906916792864
2023-02-28,Salaries,219.1957115530493
2023-02-28,Maintenance,419.9881978520442
2023-02-28,Marketing,357.0792934438344
2023-03-01,Ingredients,234.2432855400602
2023-03-01,Utilities,486.3674709052394
2023-03-01,Rent,1015.4471605482531
2023-03-01,Salaries,222.1982999485522
2023-03-01,Maintenance,188.12869038744094
2023-03-01,Marketing,471.0922016311702
2023-03-02,Ingredients,94.75395624692082
2023-03-02,Utilities,332.61100249193476
2023-03-02,Rent,1358.3140126764015
2023-03-02,Salaries,132.8791208126957
2023-03-02,Maintenance,117.47638135103031
2023-03-02,Marketing,71.52409994141667
2023-03-03,Ingredients,121.49384021500447
2023-03-03,Utilities,413.69676631792066
2023-03-03,Rent,1471.9780832270862
2023-03-03,Salaries,455.6400084952972
2023-03-03,Maintenance,214.38715809537834
2023-03-03,Marketing,376.64397928314406
2023-03-04,Ingredients,422.1696518753825
2023-03-04,Utilities,415.61846983968417
2023-03-04,Rent,1031.3424729825647
2023-03-04,Salaries,146.6736680738582
2023-03-04,Maintenance,472.5252188151241
2023-03-04,Marketing,382.95777476195957
2023-03-05,Ingredients,425.4585821551156
2023-03-05,Utilities,281.3554608816096
2023-03-05,Rent,1196.528024235314
2023-03-05,Salaries,343.0506438413441
2023-03-05,Maintenance,262.7855257080288
2023-03-05,Marketing,218.19295068655467
2023-03-06,Ingredients,206.5440034791731
2023-03-06,Utilities,121.05814742741127
2023-03-06,Rent,1264.7065946538921
2023-03-06,Salaries,283.9309568260831
2023-03-06,Maintenance,315.84629738433665
2023-03-06,Marketing,102.300644863814
2023-03-07,Ingredients,461.71534886400315
2023-03-07,Utilities,383.9252554206761
2023-03-07,Rent,1065.482050056325
2023-03-07,Salaries,85.70477470453622
2023-03-07,Maintenance,339.31430263070746
2023-03-07,Marketing,203.67622377977779
2023-03-08,Ingredients,193.571849141355
2023-03-08,Utilities,427.9959775086287
2023-03-08,Rent,1172.571599742344
2023-03-08,Salaries,334.481909912084
2023-03-08,Maintenance,291.68353018467457
2023-03-08,Marketing,168.33532216554994
2023-03-09,Ingredients,199.23803205493297
2023-03-09,Utilities,474.4368004571189
2023-03-09,Rent,1165.6864365999659
2023-03-09,Salaries,402.8015439405234
2023-03-09,Maintenance,437.5739705453793
2023-03-09,Marketing,81.96709809948793
2023-03-10,Ingredients,348.3974750961592
2023-03-10,Utilities,387.16725231253565
2023-03-10,Rent,1217.010842093472
2023-03-10,Salaries,306.1962843631443
2023-03-10,Maintenance,122.81263494593107
2023-03-10,Marketing,193.32376733331353
2023-03-11,Ingredients,368.45013377229856
2023-03-11,Utilities,321.15705497045496
2023-03-11,Rent,1068.1928718128875
2023-03-11,Salaries,494.62191414270376
2023-03-11,Maintenance,472.00510552970485
2023-03-11,Marketing,150.85277791459677
2023-03-12,Ingredients,443.80425348013523
2023-03-12,Utilities,170.22618623165602
2023-03-12,Rent,1281.8695651876058
2023-03-12,Salaries,401.9229515346598
2023-03-12,Maintenance,204.8360904586998
2023-03-12,Marketing,299.81632705619955
2023-03-13,Ingredients,252.65912366191202
2023-03-13,Utilities,392.0893774526474
2023-03-13,Rent,1239.33785268948
2023-03-13,Salaries,305.11003903186133
2023-03-13,Maintenance,430.5009640713291
2023-03-13,Marketing,364.3904919362409
2023-03-14,Ingredients,287.3764739278855
2023-03-14,Utilities,257.5812181659808
2023-03-14,Rent,1063.382826000884
2023-03-14,Salaries,75.36491736594381
2023-03-14,Maintenance,478.7489419536238
2023-03-14,Marketing,133.93695314594208
2023-03-15,Ingredients,174.592268364748
2023-03-15,Utilities,324.9268415360381
2023-03-15,Rent,1413.9628591086725
2023-03-15,Salaries,424.91388538036506
2023-03-15,Maintenance,423.3413379219407
2023-03-15,Marketing,490.13960341891243
2023-03-16,Ingredients,75.06637103584575
2023-03-16,Utilities,229.93168920619922
2023-03-16,Rent,1456.7938729512248
2023-03-16,Salaries,260.3020179201307
2023-03-16,Maintenance,442.0834805404715
2023-03-16,Marketing,57.945402801678256
2023-03-17,Ingredients,276.96551840107327
2023-03-17,Utilities,465.1034971629136
2023-03-17,Rent,1130.6414428876226
2023-03-17,Salaries,468.34623942870513
2023-03-17,Maintenance,53.81477924411774
2023-03-17,Marketing,85.51739203483261
2023-03-18,Ingredients,264.57108013223717
2023-03-18,Utilities,97.87082380086363
2023-03-18,Rent,1112.7986577745942
2023-03-18,Salaries,183.88625962033504
2023-03-18,Maintenance,266.67320421344
2023-03-18,Marketing,225.73113589520025
2023-03-19,Ingredients,464.9664373923181
2023-03-19,Utilities,448.7065976690614
2023-03-19,Rent,1374.035445556706
2023-03-19,Salaries,346.6887399675534
2023-03-19,Maintenance,141.95347710350154
2023-03-19,Marketing,320.8218162708275
2023-03-20,Ingredients,116.17824539374281
2023-03-20,Utilities,253.72360296088738
2023-03-20,Rent,1230.7618758865913
2023-03-20,Salaries,360.369480457459
2023-03-20,Maintenance,425.8070263133102
2023-03-20,Marketing,194.22602122870546
2023-03-21,Ingredients,68.5315742714383
2023-03-21,Utilities,71.1366672429082
2023-03-21,Rent,1437.4121441436207
2023-03-21,Salaries,268.84663712688894
2023-03-21,Maintenance,161.60566239009526
2023-03-21,Marketing,64.52902732968587
2023-03-22,Ingredients,287.94395212055105
2023-03-22,Utilities,111.69265093407982
2023-03-22,Rent,1208.5140336000331
2023-03-22,Salaries,282.2349717572317
2023-03-22,Maintenance,153.14014660845075
2023-03-22,Marketing,139.47656277744554
2023-03-23,Ingredients,58.91363181178673
2023-03-23,Utilities,313.48435329704273
2023-03-23,Rent,1100.2206055282147
2023-03-23,Salaries,445.2028006225319
2023-03-23,Maintenance,321.69944739913126
2023-03-23,Marketing,300.38644838617284
2023-03-24,Ingredients,277.10809907366115
2023-03-24,Utilities,146.88953527590638
2023-03-24,Rent,1484.7052221384954
2023-03-24,Salaries,485.170083263487
2023-03-24,Maintenance,194.57259106092383
2023-03-24,Marketing,399.2973008103386
2023-03-25,Ingredients,103.66072956990246
2023-03-25,Utilities,401.237980534331
2023-03-25,Rent,1143.1659664856425
2023-03-25,Salaries,180.11051418526588
2023-03-25,Maintenance,278.2549892514195
2023-03-25,Marketing,226.54803275093593
2023-03-26,Ingredients,103.02401433820572
2023-03-26,Utilities,316.8847143184795
2023-03-26,Rent,1106.9218046911355
2023-03-26,Salaries,250.01590158718545
2023-03-26,Maintenance,153.95481042388147
2023-03-26,Marketing,435.91335873194987
2023-03-27,Ingredients,202.1097547724307
2023-03-27,Utilities,449.370871324684
2023-03-27,Rent,1163.0486217796522
2023-03-27,Salaries,130.7736824239898
2023-03-27,Maintenance,309.4855892071236
2023-03-27,Marketing,299.811999315086
2023-03-28,Ingredients,328.51110070083064
2023-03-28,Utilities,185.96281935935713
2023-03-28,Rent,1159.9844579316857
2023-03-28,Salaries,156.84353758741383
2023-03-28,Maintenance,467.78043660124837
2023-03-28,Marketing,357.33007920374524
2023-03-29,Ingredients,390.3150869573959
2023-03-29,Utilities,137.37341304840214
2023-03-29,Rent,1330.789145433247
2023-03-29,Salaries,393.19894276804337
2023-03-29,Maintenance,204.10524818430633
2023-03-29,Marketing,120.96167315561355
2023-03-30,Ingredients,363.6519122800383
2023-03-30,Utilities,325.0146164150615
2023-03-30,Rent,1287.8091240710985
2023-03-30,Salaries,132.15499065750276
2023-03-30,Maintenance,168.12144069707628
2023-03-30,Marketing,331.1980381353322
2023-03-31,Ingredients,326.1138008382568
2023-03-31,Utilities,299.62527506679993
2023-03-31,Rent,1384.0696829936232
2023-03-31,Salaries,416.59573905625183
2023-03-31,Maintenance,174.43136091947264
2023-03-31,Marketing,120.92340393102933
2023-04-01,Ingredients,140.52550284577023
2023-04-01,Utilities,176.5889581692764
2023-04-01,Rent,1473.8742863045843
2023-04-01,Salaries,111.7229517821806
2023-04-01,Maintenance,445.4426710064058
2023-04-01,Marketing,141.5198566418738
2023-04-02,Ingredients,206.80057087220965
2023-04-02,Utilities,106.64269852834009
2023-04-02,Rent,1051.6801754878802
2023-04-02,Salaries,92.81436940529257
2023-04-02,Maintenance,204.2415079996074
2023-04-02,Marketing,285.6614400474025
2023-04-03,Ingredients,140.36339300556202
2023-04-03,Utilities,469.7034041508338
2023-04-03,Rent,1293.2093900837845
2023-04-03,Salaries,448.27913972768374
2023-04-03,Maintenance,116.96845264139779
2023-04-03,Marketing,114.57251963276782
2023-04-04,Ingredients,431.03871593726
2023-04-04,Utilities,305.5916095559122
2023-04-04,Rent,1469.293397635544
2023-04-04,Salaries,116.10358355648889
2023-04-04,Maintenance,61.708090829388375
2023-04-04,Marketing,462.4522470884833
2023-04-05,Ingredients,364.4766973615487
2023-04-05,Utilities,413.22562175748754
2023-04-05,Rent,1148.007006799575
2023-04-05,Salaries,51.379888767400814
2023-04-05,Maintenance,267.2959322970782
2023-04-05,Marketing,495.50423710311065
2023-04-06,Ingredients,458.39183768053385
2023-04-06,Utilities,82.41025326984175
2023-04-06,Rent,1093.8918299867642
2023-04-06,Salaries,190.05255370346526
2023-04-06,Maintenance,423.68020487437275
2023-04-06,Marketing,421.1214942857031
2023-04-07,Ingredients,133.2520262752346
2023-04-07,Utilities,289.88603471513323
2023-04-07,Rent,1250.8974329387404
2023-04-07,Salaries,236.42622310907586
2023-04-07,Maintenance,291.1642051558874
2023-04-07,Marketing,181.75498881160652
2023-04-08,Ingredients,289.1971276963293
2023-04-08,Utilities,358.52368238403056
2023-04-08,Rent,1031.2516386671703
2023-04-08,Salaries,485.2876549440653
2023-04-08,Maintenance,124.38661953505651
2023-04-08,Marketing,212.13439844886983
2023-04-09,Ingredients,261.78231313051526
2023-04-09,Utilities,68.44299823788037
2023-04-09,Rent,1274.1809177912853
2023-04-09,Salaries,441.4881951345267
2023-04-09,Maintenance,455.4581733263494
2023-04-09,Marketing,196.78623241517255
2023-04-10,Ingredients,301.45847390419743
2023-04-10,Utilities,399.5588442243719
2023-04-10,Rent,1126.4228559430903
2023-04-10,Salaries,287.8126286487923
2023-04-10,Maintenance,215.0247198491816
2023-04-10,Marketing,220.17873185644652
2023-04-11,Ingredients,92.36188970589839
2023-04-11,Utilities,233.10033579658963
2023-04-11,Rent,1080.4396284015559
2023-04-11,Salaries,185.57153260604937
2023-04-11,Maintenance,198.62649630497543
2023-04-11,Marketing,243.7699754702501
2023-04-12,Ingredients,462.6111825317932
2023-04-12,Utilities,333.94868854300483
2023-04-12,Rent,1487.23101924405
2023-04-12,Salaries,315.7931823164611
2023-04-12,Maintenance,412.4705193952081
2023-04-12,Marketing,425.3681598315312
2023-04-13,Ingredients,382.5517120520575
2023-04-13,Utilities,351.4617376122657
2023-04-13,Rent,1208.9574959182337
2023-04-13,Salaries,305.274265342259
2023-04-13,Maintenance,137.17250313480446
2023-04-13,Marketing,328.2109908725486
2023-04-14,Ingredients,281.4334349442505
2023-04-14,Utilities,411.94636503933
2023-04-14,Rent,1451.2718122261065
2023-04-14,Salaries,109.75754830681174
2023-04-14,Maintenance,360.90851072692817
2023-04-14,Marketing,477.5208386287448
2023-04-15,Ingredients,463.0463768377175
2023-04-15,Utilities,425.49181263663985
2023-04-15,Rent,1024.170500216788
2023-04-15,Salaries,163.61785248794257
2023-04-15,Maintenance,116.72980912427404
2023-04-15,Marketing,467.1205073766085
2023-04-16,Ingredients,387.0004169955635
2023-04-16,Utilities,289.3030863486231
2023-04-16,Rent,1489.7001177105085
2023-04-16,Salaries,137.62344440346678
2023-04-16,Maintenance,338.7073630095081
2023-04-16,Marketing,324.221462723137
2023-04-17,Ingredients,203.20441021393725
2023-04-17,Utilities,268.4211314379655
2023-04-17,Rent,1117.693084329986
2023-04-17,Salaries,354.70164008659094
2023-04-17,Maintenance,238.2083196531371
2023-04-17,Marketing,60.597543640573136
2023-04-18,Ingredients,477.85335038327446
2023-04-18,Utilities,275.6386207725984
2023-04-18,Rent,1352.816939850639
2023-04-18,Salaries,138.61849558011437
2023-04-18,Maintenance,107.25337306221624
2023-04-18,Marketing,456.08986834095396
2023-04-19,Ingredients,315.91963549350294
2023-04-19,Utilities,272.00789234734896
2023-04-19,Rent,1260.5750178270553
2023-04-19,Salaries,156.29116874228848
2023-04-19,Maintenance,460.7088658307264
2023-04-19,Marketing,146.40808307167154
2023-04-20,Ingredients,121.10282502529925
2023-04-20,Utilities,468.52064953499337
2023-04-20,Rent,1128.7869281515345
2023-04-20,Salaries,438.1181235003961
2023-04-20,Maintenance,397.63076337330654
2023-04-20,Marketing,221.87462790130922
2023-04-21,Ingredients,164.3009028300945
2023-04-21,Utilities,391.5448585502134
2023-04-21,Rent,1298.799345475027
2023-04-21,Salaries,164.31815739786046
2023-04-21,Maintenance,450.89575973920864
2023-04-21,Marketing,374.4420879888423
2023-04-22,Ingredients,459.1751588103639
2023-04-22,Utilities,246.86167413394978
2023-04-22,Rent,1064.0997571063706
2023-04-22,Salaries,465.83391271550823
2023-04-22,Maintenance,320.64171375369045
2023-04-22,Marketing,322.72677521184636
2023-04-23,Ingredients,312.91944858037203
2023-04-23,Utilities,262.5768601383689
2023-04-23,Rent,1127.5215399051629
2023-04-23,Salaries,325.85984510941415
2023-04-23,Maintenance,373.37123493805126
2023-04-23,Marketing,462.44443326041323
2023-04-24,Ingredients,82.46646862918202
2023-04-24,Utilities,164.61928964862054
2023-04-24,Rent,1388.34289337775
2023-04-24,Salaries,398.81781206776975
2023-04-24,Maintenance,145.41552775658892
2023-04-24,Marketing,133.12295549437755
2023-04-25,Ingredients,215.21309416675265
2023-04-25,Utilities,78.3119142881705
2023-04-25,Rent,1365.180392768197
2023-04-25,Salaries,351.4139262971988
2023-04-25,Maintenance,436.42647244994
2023-04-25,Marketing,243.52211619751859
2023-04-26,Ingredients,336.53120406787934
2023-04-26,Utilities,479.2772699505707
2023-04-26,Rent,1479.4011573126706
2023-04-26,Salaries,81.98492636918945
2023-04-26,Maintenance,50.847955227873754
2023-04-26,Marketing,481.9929777635079
2023-04-27,Ingredients,290.8924708760531
2023-04-27,Utilities,365.18024341787446
2023-04-27,Rent,1456.2985790193254
2023-04-27,Salaries,244.91956959651938
2023-04-27,Maintenance,248.29397687664786
2023-04-27,Marketing,125.14170691514133
2023-04-28,Ingredients,457.6227262633021
2023-04-28,Utilities,341.45298771438235
2023-04-28,Rent,1090.1346236457755
2023-04-28,Salaries,301.9064065555486
2023-04-28,Maintenance,197.67377227525304
2023-04-28,Marketing,116.23188641293679
2023-04-29,Ingredients,131.84125132765948
2023-04-29,Utilities,301.66572101459104
2023-04-29,Rent,1282.192612966379
2023-04-29,Salaries,405.4733514735466
2023-04-29,Maintenance,161.59292789149788
2023-04-29,Marketing,462.12502200862
2023-04-30,Ingredients,283.3758191961568
2023-04-30,Utilities,141.87770997857876
2023-04-30,Rent,1206.6402878016954
2023-04-30,Salaries,465.51167241832724
2023-04-30,Maintenance,265.17044429008973
2023-04-30,Marketing,443.6217997155703
2023-05-01,Ingredients,121.92473082498755
2023-05-01,Utilities,461.2812793741832
2023-05-01,Rent,1215.309402749718
2023-05-01,Salaries,471.25712458884396
2023-05-01,Maintenance,439.73533375804914
2023-05-01,Marketing,346.9848380973159
2023-05-02,Ingredients,352.7808876288588
2023-05-02,Utilities,145.17859454460472
2023-05-02,Rent,1301.414889461461
2023-05-02,Salaries,297.27300735126687
2023-05-02,Maintenance,200.36616635320323
2023-05-02,Marketing,277.5296859118052
2023-05-03,Ingredients,468.11459841270323
2023-05-03,Utilities,52.38754870615606
2023-05-03,Rent,1208.5620463988018
2023-05-03,Salaries,200.1374243468903
2023-05-03,Maintenance,482.55398033892726
2023-05-03,Marketing,488.2524040785619
2023-05-04,Ingredients,313.54724103622453
2023-05-04,Utilities,297.5031357982999
2023-05-04,Rent,1451.6062484052625
2023-05-04,Salaries,52.94411319407207
2023-05-04,Maintenance,303.02627131504175
2023-05-04,Marketing,61.08458374471694
2023-05-05,Ingredients,485.6730220926876
2023-05-05,Utilities,194.0718008035864
2023-05-05,Rent,1260.4006509192652
2023-05-05,Salaries,237.90582706877015
2023-05-05,Maintenance,452.13085586308284
2023-05-05,Marketing,499.9180748712869
2023-05-06,Ingredients,80.77459009380304
2023-05-06,Utilities,379.4140111924932
2023-05-06,Rent,1183.9993119741268
2023-05-06,Salaries,112.58281388678608
2023-05-06,Maintenance,232.44688833596942
2023-05-06,Marketing,499.1659835858926
2023-05-07,Ingredients,210.90528470834198
2023-05-07,Utilities,174.8297698090508
2023-05-07,Rent,1423.085687299956
2023-05-07,Salaries,440.57209992055544
2023-05-07,Maintenance,202.4911196743844
2023-05-07,Marketing,184.40291327559385
2023-05-08,Ingredients,341.27666489633765
2023-05-08,Utilities,142.33031767427445
2023-05-08,Rent,1241.8427013113467
2023-05-08,Salaries,113.6046612414692
2023-05-08,Maintenance,187.13965020478335
2023-05-08,Marketing,183.8666739644351
2023-05-09,Ingredients,362.70498425425063
2023-05-09,Utilities,177.0228657476414
2023-05-09,Rent,1449.2478516952838
2023-05-09,Salaries,492.3707424661542
2023-05-09,Maintenance,86.47776556585292
2023-05-09,Marketing,228.9414343314214
2023-05-10,Ingredients,185.8284785723617
2023-05-10,Utilities,208.3955578299275
2023-05-10,Rent,1132.6774430349762
2023-05-10,Salaries,222.1991875413612
2023-05-10,Maintenance,113.63656674604482
2023-05-10,Marketing,175.91822399540195
2023-05-11,Ingredients,386.5180450803728
2023-05-11,Utilities,204.820936543292
2023-05-11,Rent,1103.917448662424
2023-05-11,Salaries,98.79981735417869
2023-05-11,Maintenance,206.6018662774337
2023-05-11,Marketing,339.53408987915856
2023-05-12,Ingredients,163.98719198000194
2023-05-12,Utilities,240.1005609121384
2023-05-12,Rent,1476.199289874586
2023-05-12,Salaries,298.56328332508684
2023-05-12,Maintenance,289.37237713887356
2023-05-12,Marketing,234.4744906560904
2023-05-13,Ingredients,300.577989653265
2023-05-13,Utilities,493.05527347873004
2023-05-13,Rent,1126.9034527294648
2023-05-13,Salaries,473.86755268218957
2023-05-13,Maintenance,117.08194296964898
2023-05-13,Marketing,99.99741359595014
2023-05-14,Ingredients,344.60127308442384
2023-05-14,Utilities,163.03056110108238
2023-05-14,Rent,1222.1961531537133
2023-05-14,Salaries,378.3446458600269
2023-05-14,Maintenance,290.67867642339377
2023-05-14,Marketing,56.18720719873823
2023-05-15,Ingredients,187.62945483786652
2023-05-15,Utilities,79.10900140652565
2023-05-15,Rent,1463.0572750278516
2023-05-15,Salaries,407.5918670375613
2023-05-15,Maintenance,492.72875765438494
2023-05-15,Marketing,448.2992805987865
2023-05-16,Ingredients,263.8994092953506
2023-05-16,Utilities,447.1688827447415
2023-05-16,Rent,1336.219306664136
2023-05-16,Salaries,286.0698453759504
2023-05-16,Maintenance,216.7907206630477
2023-05-16,Marketing,356.43477917138205
2023-05-17,Ingredients,315.5600403292796
2023-05-17,Utilities,326.3832421624212
2023-05-17,Rent,1199.915665578502
2023-05-17,Salaries,382.6918014304745
2023-05-17,Maintenance,86.60424543517752
2023-05-17,Marketing,376.7715332506435
2023-05-18,Ingredients,378.8425911231302
2023-05-18,Utilities,282.1745279216199
2023-05-18,Rent,1131.6415751342427
2023-05-18,Salaries,283.67443148286634
2023-05-18,Maintenance,105.38878344172134
2023-05-18,Marketing,178.31469892417476
2023-05-19,Ingredients,239.58494536742404
2023-05-19,Utilities,352.95520324552854
2023-05-19,Rent,1093.6083838775203
2023-05-19,Salaries,121.17683827956382
2023-05-19,Maintenance,323.5083629755006
2023-05-19,Marketing,355.7954934513594
2023-05-20,Ingredients,87.64508876598953
2023-05-20,Utilities,64.92343256132075
2023-05-20,Rent,1073.574925700583
2023-05-20,Salaries,455.46201572326146
2023-05-20,Maintenance,352.6873408343192
2023-05-20,Marketing,464.4616599568509
2023-05-21,Ingredients,349.1216614252253
2023-05-21,Utilities,484.35675832538243
2023-05-21,Rent,1219.453335232479
2023-05-21,Salaries,319.5945222025303
2023-05-21,Maintenance,320.53345304243425
2023-05-21,Marketing,51.41296240725295
2023-05-22,Ingredients,62.354507162160814
2023-05-22,Utilities,115.36934486552623
2023-05-22,Rent,1255.5647775771283
2023-05-22,Salaries,243.736934183227
2023-05-22,Maintenance,292.88707649727667
2023-05-22,Marketing,410.2208572997072
2023-05-23,Ingredients,420.0081253378959
2023-05-23,Utilities,489.656684099766
2023-05-23,Rent,1278.7739000269482
2023-05-23,Salaries,206.24697003430904
2023-05-23,Maintenance,188.61246719308906
2023-05-23,Marketing,203.3337094896071
2023-05-24,Ingredients,195.72332086792744
2023-05-24,Utilities,226.81398854992727
2023-05-24,Rent,1037.4407105678565
2023-05-24,Salaries,335.0446130964362
2023-05-24,Maintenance,305.618550384222
2023-05-24,Marketing,257.88240165714893
2023-05-25,Ingredients,86.4973806860871
2023-05-25,Utilities,91.94391176396502
2023-05-25,Rent,1272.5525876258744
2023-05-25,Salaries,66.46116513642421
2023-05-25,Maintenance,376.1550187848164
2023-05-25,Marketing,497.20016395939984
2023-05-26,Ingredients,318.83310450060617
2023-05-26,Utilities,375.54416691278425
2023-05-26,Rent,1219.467996215479
2023-05-26,Salaries,350.3355489420539
2023-05-26,Maintenance,343.30114548436603
2023-05-26,Marketing,420.84090315411356
2023-05-27,Ingredients,370.1028134208648
2023-05-27,Utilities,387.07229481503276
2023-05-27,Rent,1278.3179968938011
2023-05-27,Salaries,268.031721167392
2023-05-27,Maintenance,256.4224222012957
2023-05-27,Marketing,226.40491428398826
2023-05-28,Ingredients,169.71249349557164
2023-05-28,Utilities,64.9899697000874
2023-05-28,Rent,1335.5478164027438
2023-05-28,Salaries,455.432537626572
2023-05-28,Maintenance,468.7170969296403
2023-05-28,Marketing,311.25276801561273
2023-05-29,Ingredients,92.36147371753708
2023-05-29,Utilities,445.39893816910524
2023-05-29,Rent,1373.872441171285
2023-05-29,Salaries,163.13497439683113
2023-05-29,Maintenance,411.5952234067323
2023-05-29,Marketing,262.40357663151667
2023-05-30,Ingredients,449.4169002525472
2023-05-30,Utilities,161.424919743778
2023-05-30,Rent,1400.4529603136616
2023-05-30,Salaries,370.35964209537997
2023-05-30,Maintenance,56.49852757940702
2023-05-30,Marketing,303.5005739805591
2023-05-31,Ingredients,371.99042508090946
2023-05-31,Utilities,120.38485489372867
2023-05-31,Rent,1265.9494677286466
2023-05-31,Salaries,186.83505961042465
2023-05-31,Maintenance,363.31381173990934
2023-05-31,Marketing,293.0629157989033
2023-06-01,Ingredients,329.65609744474926
2023-06-01,Utilities,82.64292679472922
2023-06-01,Rent,1068.897570099004
2023-06-01,Salaries,298.4401313107101
2023-06-01,Maintenance,131.52779691080102
2023-06-01,Marketing,274.4110270439591
2023-06-02,Ingredients,360.5131845174538
2023-06-02,Utilities,414.3972690083428
2023-06-02,Rent,1071.5034030040765
2023-06-02,Salaries,383.8454902221242
2023-06-02,Maintenance,213.43373799472357
2023-06-02,Marketing,355.51983649761627
2023-06-03,Ingredients,115.37808468401869
2023-06-03,Utilities,281.8288317784501
2023-06-03,Rent,1418.7811377473843
2023-06-03,Salaries,97.89413884316178
2023-06-03,Maintenance,422.45634118575714
2023-06-03,Marketing,253.74577808634754
2023-06-04,Ingredients,420.4722212250954
2023-06-04,Utilities,481.27446951638046
2023-06-04,Rent,1079.8263046507639
2023-06-04,Salaries,353.5563242267361
2023-06-04,Maintenance,155.79340424107724
2023-06-04,Marketing,110.99942391657953
2023-06-05,Ingredients,332.6371682213068
2023-06-05,Utilities,98.59263460187414
2023-06-05,Rent,1232.586285062019
2023-06-05,Salaries,336.1794531572754
2023-06-05,Maintenance,274.8338275825953
2023-06-05,Marketing,363.68117481739176
2023-06-06,Ingredients,410.63540133493643
2023-06-06,Utilities,442.5108902365527
2023-06-06,Rent,1279.9361278662866
2023-06-06,Salaries,174.48371190556526
2023-06-06,Maintenance,279.3478406685788
2023-06-06,Marketing,224.45987332185877
2023-06-07,Ingredients,151.66651531242886
2023-06-07,Utilities,288.080296935701
2023-06-07,Rent,1011.327431376651
2023-06-07,Salaries,322.50420475544524
2023-06-07,Maintenance,419.72170701067773
2023-06-07,Marketing,499.7460742423148
2023-06-08,Ingredients,464.75558364380254
2023-06-08,Utilities,90.41716223500387
2023-06-08,Rent,1081.2146898493581
2023-06-08,Salaries,112.39008028697077
2023-06-08,Maintenance,301.2581987783152
2023-06-08,Marketing,70.67118478299918
2023-06-09,Ingredients,471.6467302451986
2023-06-09,Utilities,77.82650162877246
2023-06-09,Rent,1195.6252776713297
2023-06-09,Salaries,452.2864178754699
2023-06-09,Maintenance,476.77024422172275
2023-06-09,Marketing,259.38085348661974
2023-06-10,Ingredients,269.7941962164951
2023-06-10,Utilities,336.2796921633991
2023-06-10,Rent,1203.8194009090755
2023-06-10,Salaries,196.09758698605563
2023-06-10,Maintenance,382.7421554659669
2023-06-10,Marketing,317.91123710702675
2023-06-11,Ingredients,266.75199256861777
2023-06-11,Utilities,95.35430080182282
2023-06-11,Rent,1034.4308100024684
2023-06-11,Salaries,279.86685144730967
2023-06-11,Maintenance,328.7442739329415
2023-06-11,Marketing,345.88027584359486
2023-06-12,Ingredients,452.7005485648874
2023-06-12,Utilities,417.301188631102
2023-06-12,Rent,1070.381119435225
2023-06-12,Salaries,407.493931482456
2023-06-12,Maintenance,354.3364144158833
2023-06-12,Marketing,422.6130025077539
2023-06-13,Ingredients,429.50956920975915
2023-06-13,Utilities,205.48966270980225
2023-06-13,Rent,1131.634431529522
2023-06-13,Salaries,298.68531271346137
2023-06-13,Maintenance,184.37345962120656
2023-06-13,Marketing,207.35840301320957
2023-06-14,Ingredients,81.12202943888492
2023-06-14,Utilities,496.1136763370076
2023-06-14,Rent,1154.6484797104158
2023-06-14,Salaries,401.0329938755004
2023-06-14,Maintenance,496.9212325881611
2023-06-14,Marketing,486.1067074717778
2023-06-15,Ingredients,335.2474176143407
2023-06-15,Utilities,292.3976524926053
2023-06-15,Rent,1154.6382474224097
2023-06-15,Salaries,437.67802706799205
2023-06-15,Maintenance,202.09781495945208
2023-06-15,Marketing,98.02570809785917
2023-06-16,Ingredients,182.3442761043835
2023-06-16,Utilities,191.79379674908927
2023-06-16,Rent,1359.2426861790902
2023-06-16,Salaries,126.29388142597168
2023-06-16,Maintenance,192.5884551536829
2023-06-16,Marketing,84.46389102701087
2023-06-17,Ingredients,431.7805203411273
2023-06-17,Utilities,376.14895348760433
2023-06-17,Rent,1218.7435016187621
2023-06-17,Salaries,243.50686974021397
2023-06-17,Maintenance,124.86730913661172
2023-06-17,Marketing,223.01290631997267
2023-06-18,Ingredients,458.07132850354924
2023-06-18,Utilities,112.39611040414127
2023-06-18,Rent,1382.514191215813
2023-06-18,Salaries,71.2291212129106
2023-06-18,Maintenance,190.25579728511335
2023-06-18,Marketing,431.121897972555
2023-06-19,Ingredients,250.24267283034942
2023-06-19,Utilities,366.2123184107472
2023-06-19,Rent,1051.7708793163001
2023-06-19,Salaries,357.54158330003287
2023-06-19,Maintenance,418.5592898518564
2023-06-19,Marketing,412.3606384503894
2023-06-20,Ingredients,247.49138836489038
2023-06-20,Utilities,456.8635392040457
2023-06-20,Rent,1287.4874879608956
2023-06-20,Salaries,418.04228475031437
2023-06-20,Maintenance,146.0566898578838
2023-06-20,Marketing,144.60823097616003
2023-06-21,Ingredients,389.46298812256055
2023-06-21,Utilities,340.9858067307443
2023-06-21,Rent,1338.1549442152952
2023-06-21,Salaries,156.45662757015566
2023-06-21,Maintenance,229.8301854235376
2023-06-21,Marketing,166.27086061643473
2023-06-22,Ingredients,80.65666826304205
2023-06-22,Utilities,141.77353415543388
2023-06-22,Rent,1497.5821474428699
2023-06-22,Salaries,155.31887569653594
2023-06-22,Maintenance,121.68195657164412
2023-06-22,Marketing,363.5945593267747
2023-06-23,Ingredients,320.96499609475126
2023-06-23,Utilities,385.7058796929114
2023-06-23,Rent,1326.8365479990248
2023-06-23,Salaries,150.34702769879746
2023-06-23,Maintenance,275.40771873193466
2023-06-23,Marketing,129.48926471241694
2023-06-24,Ingredients,164.09206788818292
2023-06-24,Utilities,494.1129421063525
2023-06-24,Rent,1364.3399708966608
2023-06-24,Salaries,402.28271363205954
2023-06-24,Maintenance,63.52662205956634
2023-06-24,Marketing,221.96027291490117
2023-06-25,Ingredients,299.861994691571
2023-06-25,Utilities,117.3533091432364
2023-06-25,Rent,1424.2732108177179
2023-06-25,Salaries,112.82009442516956
2023-06-25,Maintenance,336.4274615023066
2023-06-25,Marketing,298.93424298196214
2023-06-26,Ingredients,432.19094207582714
2023-06-26,Utilities,190.31482608261143
2023-06-26,Rent,1142.041854153301
2023-06-26,Salaries,430.8858991598923
2023-06-26,Maintenance,149.63262838112897
2023-06-26,Marketing,385.71862848426446
2023-06-27,Ingredients,136.01563564750327
2023-06-27,Utilities,444.06293566952957
2023-06-27,Rent,1419.531771120659
2023-06-27,Salaries,404.3583722059857
2023-06-27,Maintenance,271.162075908132
2023-06-27,Marketing,65.22764952957006
2023-06-28,Ingredients,109.60934103417883
2023-06-28,Utilities,255.47229614259646
2023-06-28,Rent,1021.8238222077179
2023-06-28,Salaries,78.56259932069024
2023-06-28,Maintenance,106.4767269825992
2023-06-28,Marketing,167.3810139021365
2023-06-29,Ingredients,387.19525525084043
2023-06-29,Utilities,71.5920776420549
2023-06-29,Rent,1491.8196976781612
2023-06-29,Salaries,173.22328426413713
2023-06-29,Maintenance,194.0890001157042
2023-06-29,Marketing,161.54819952914792
2023-06-30,Ingredients,321.07585094711897
2023-06-30,Utilities,58.74198224590197
2023-06-30,Rent,1046.7847628516213
2023-06-30,Salaries,94.44984757155227
2023-06-30,Maintenance,349.0395914743149
2023-06-30,Marketing,198.2847819240463
2023-07-01,Ingredients,246.87238436255245
2023-07-01,Utilities,477.4880090183835
2023-07-01,Rent,1100.0214384110031
2023-07-01,Salaries,81.58855475565697
2023-07-01,Maintenance,248.64045331189115
2023-07-01,Marketing,123.83294558425018
2023-07-02,Ingredients,115.09571681968914
2023-07-02,Utilities,234.5594373766309
2023-07-02,Rent,1334.8255779427664
2023-07-02,Salaries,159.28335520705238
2023-07-02,Maintenance,444.18375284255535
2023-07-02,Marketing,213.10157613484938
2023-07-03,Ingredients,470.3217180412755
2023-07-03,Utilities,271.5778752262078
2023-07-03,Rent,1363.368946583918
2023-07-03,Salaries,432.0575867389213
2023-07-03,Maintenance,288.3739437206679
2023-07-03,Marketing,432.64555308066684
2023-07-04,Ingredients,220.09180398887887
2023-07-04,Utilities,213.53183347416456
2023-07-04,Rent,1397.0316951157895
2023-07-04,Salaries,158.57137611780524
2023-07-04,Maintenance,372.6673210117453
2023-07-04,Marketing,84.68913070233064
2023-07-05,Ingredients,336.0312786916254
2023-07-05,Utilities,473.85937170906243
2023-07-05,Rent,1228.2329434660835
2023-07-05,Salaries,237.18425662035548
2023-07-05,Maintenance,293.2433881204173
2023-07-05,Marketing,373.80473352065036
2023-07-06,Ingredients,211.47633911719655
2023-07-06,Utilities,50.05850507185842
2023-07-06,Rent,1251.0423551260574
2023-07-06,Salaries,238.67517226196983
2023-07-06,Maintenance,289.7163777528602
2023-07-06,Marketing,371.89052657705827
2023-07-07,Ingredients,177.52597371545536
2023-07-07,Utilities,277.366854580969
2023-07-07,Rent,1126.6943751431122
2023-07-07,Salaries,256.7059864444156
2023-07-07,Maintenance,205.04259801592391
2023-07-07,Marketing,216.06858536039053
2023-07-08,Ingredients,310.7124728085284
2023-07-08,Utilities,360.3249463654262
2023-07-08,Rent,1006.3292486903434
2023-07-08,Salaries,444.48855777623453
2023-07-08,Maintenance,213.95093384805782
2023-07-08,Marketing,339.6246452582734
2023-07-09,Ingredients,105.07659358095584
2023-07-09,Utilities,307.1552362651409
2023-07-09,Rent,1339.2297652832149
2023-07-09,Salaries,120.84712059932907
2023-07-09,Maintenance,460.46966169164176
2023-07-09,Marketing,390.8598831703008
2023-07-10,Ingredients,290.26380225767707
2023-07-10,Utilities,124.72971616260547
2023-07-10,Rent,1432.775684707725
2023-07-10,Salaries,80.88168593708914
2023-07-10,Maintenance,101.82720110523611
2023-07-10,Marketing,364.178406958627
2023-07-11,Ingredients,164.23738319410623
2023-07-11,Utilities,256.69305474559457
2023-07-11,Rent,1269.455061448238
2023-07-11,Salaries,256.20537143177637
2023-07-11,Maintenance,87.752145450898
2023-07-11,Marketing,381.8634973828195
2023-07-12,Ingredients,157.9955934922864
2023-07-12,Utilities,382.3392563924748
2023-07-12,Rent,1432.6453928454516
2023-07-12,Salaries,291.36822142535317
2023-07-12,Maintenance,367.86939737422495
2023-07-12,Marketing,66.62200373260475
2023-07-13,Ingredients,66.53665267523833
2023-07-13,Utilities,138.7230300184311
2023-07-13,Rent,1179.191645749883
2023-07-13,Salaries,132.25273035367312
2023-07-13,Maintenance,335.73212129512547
2023-07-13,Marketing,174.59942761887808
2023-07-14,Ingredients,430.5879614242761
2023-07-14,Utilities,302.2717096638274
2023-07-14,Rent,1189.039766646785
2023-07-14,Salaries,451.8851749180707
2023-07-14,Maintenance,422.7633776649754
2023-07-14,Marketing,419.0158157919963
2023-07-15,Ingredients,377.7580620527954
2023-07-15,Utilities,326.39645145661274
2023-07-15,Rent,1183.4116995985662
2023-07-15,Salaries,240.1701919414506
2023-07-15,Maintenance,341.2057968655786
2023-07-15,Marketing,127.79209967589173
2023-07-16,Ingredients,422.51657965036526
2023-07-16,Utilities,472.4015991813023
2023-07-16,Rent,1048.9943030707727
2023-07-16,Salaries,60.10505647511104
2023-07-16,Maintenance,114.21507856648394
2023-07-16,Marketing,391.95617237251446
2023-07-17,Ingredients,98.52195157553105
2023-07-17,Utilities,217.51230002925718
2023-07-17,Rent,1031.5618079718126
2023-07-17,Salaries,244.65072607433297
2023-07-17,Maintenance,321.73658088419876
2023-07-17,Marketing,332.82932007871136
2023-07-18,Ingredients,283.51190567499236
2023-07-18,Utilities,472.1485599337532
2023-07-18,Rent,1265.5682652582623
2023-07-18,Salaries,436.6571103281831
2023-07-18,Maintenance,496.86158519656965
2023-07-18,Marketing,153.38542917390154
2023-07-19,Ingredients,169.49093744725135
2023-07-19,Utilities,284.84129004656194
2023-07-19,Rent,1091.1891912960116
2023-07-19,Salaries,303.85628080597684
2023-07-19,Maintenance,357.9754580808324
2023-07-19,Marketing,77.17889705611468
2023-07-20,Ingredients,356.62770623551177
2023-07-20,Utilities,121.76008674407356
2023-07-20,Rent,1149.659303761323
2023-07-20,Salaries,382.46441967318646
2023-07-20,Maintenance,123.61549819183288
2023-07-20,Marketing,289.2573716510831
2023-07-21,Ingredients,315.1288877966207
2023-07-21,Utilities,123.96104292351826
2023-07-21,Rent,1137.3907228333876
2023-07-21,Salaries,322.9087647804479
2023-07-21,Maintenance,257.53932841150566
2023-07-21,Marketing,346.99160036054764
2023-07-22,Ingredients,434.6225964621354
2023-07-22,Utilities,110.76531077470382
2023-07-22,Rent,1035.3163569974242
2023-07-22,Salaries,350.0269559767041
2023-07-22,Maintenance,396.78964115873515
2023-07-22,Marketing,252.1881448774152
2023-07-23,Ingredients,227.25926135952437
2023-07-23,Utilities,318.5473357048956
2023-07-23,Rent,1275.7269761332227
2023-07-23,Salaries,270.5768110033024
2023-07-23,Maintenance,418.41730770688065
2023-07-23,Marketing,128.07520701430343
2023-07-24,Ingredients,356.5440101976731
2023-07-24,Utilities,383.602882756179
2023-07-24,Rent,1450.6510052486926
2023-07-24,Salaries,475.29509116160466
2023-07-24,Maintenance,278.5395327499426
2023-07-24,Marketing,245.13800727975786
2023-07-25,Ingredients,276.7588538065575
2023-07-25,Utilities,379.66066824231217
2023-07-25,Rent,1008.5856843873398
2023-07-25,Salaries,128.36477095358197
2023-07-25,Maintenance,458.4498445373912
2023-07-25,Marketing,137.9456061308327
2023-07-26,Ingredients,152.81751093759206
2023-07-26,Utilities,472.7589515416194
2023-07-26,Rent,1147.14016185288
2023-07-26,Salaries,180.69923341260153
2023-07-26,Maintenance,465.66898020076803
2023-07-26,Marketing,218.786897310555
2023-07-27,Ingredients,272.27390873159527
2023-07-27,Utilities,302.1833046692582
2023-07-27,Rent,1434.141238999751
2023-07-27,Salaries,84.90714246157115
2023-07-27,Maintenance,167.3853058379779
2023-07-27,Marketing,314.15364341096506
2023-07-28,Ingredients,245.57574897087005
2023-07-28,Utilities,175.2263346299505
2023-07-28,Rent,1204.8211296789923
2023-07-28,Salaries,484.8091858894327
2023-07-28,Maintenance,59.4646542792297
2023-07-28,Marketing,116.13852621918565
2023-07-29,Ingredients,58.39482541566301
2023-07-29,Utilities,317.0284965165971
2023-07-29,Rent,1006.4684376190364
2023-07-29,Salaries,254.30718919088363
2023-07-29,Maintenance,436.6382953410975
2023-07-29,Marketing,93.74224535453902
2023-07-30,Ingredients,214.328324971891
2023-07-30,Utilities,220.09906451192484
2023-07-30,Rent,1181.1271319452437
2023-07-30,Salaries,377.3579202567889
2023-07-30,Maintenance,51.98431953279993
2023-07-30,Marketing,400.9842834182346
2023-07-31,Ingredients,427.5686011512593
2023-07-31,Utilities,244.1586038920705
2023-07-31,Rent,1443.5784978778213
2023-07-31,Salaries,221.46755601896447
2023-07-31,Maintenance,362.62525187967407
2023-07-31,Marketing,224.97119611062948
2023-08-01,Ingredients,67.02953945934874
2023-08-01,Utilities,87.54186784770808
2023-08-01,Rent,1221.0247078700475
2023-08-01,Salaries,495.5432419499204
2023-08-01,Maintenance,129.9005863896344
2023-08-01,Marketing,453.0118806353742
2023-08-02,Ingredients,463.7273842311189
2023-08-02,Utilities,234.34196832582504
2023-08-02,Rent,1230.9127437233121
2023-08-02,Salaries,276.2691990484893
2023-08-02,Maintenance,396.6830817304314
2023-08-02,Marketing,105.6759652719569
2023-08-03,Ingredients,197.88677063498164
2023-08-03,Utilities,126.81605218000166
2023-08-03,Rent,1439.2070755695747
2023-08-03,Salaries,81.73313394696677
2023-08-03,Maintenance,386.46686849039986
2023-08-03,Marketing,247.883524542885
2023-08-04,Ingredients,371.5718660076483
2023-08-04,Utilities,450.45286599585444
2023-08-04,Rent,1169.8311572845487
2023-08-04,Salaries,152.15062858926123
2023-08-04,Maintenance,342.59836746469244
2023-08-04,Marketing,498.8866245007137
2023-08-05,Ingredients,378.2787876180087
2023-08-05,Utilities,408.0300835821346
2023-08-05,Rent,1314.928614710416
2023-08-05,Salaries,215.68255535343906
2023-08-05,Maintenance,344.5899286499496
2023-08-05,Marketing,107.84760405928067
2023-08-06,Ingredients,269.96811796629703
2023-08-06,Utilities,307.8762038750355
2023-08-06,Rent,1453.374993508228
2023-08-06,Salaries,463.87369898523366
2023-08-06,Maintenance,77.05602935613126
2023-08-06,Marketing,334.3465078381716
2023-08-07,Ingredients,408.3758352766628
2023-08-07,Utilities,291.4017992670138
2023-08-07,Rent,1047.8350782523262
2023-08-07,Salaries,154.72819105865648
2023-08-07,Maintenance,191.1397869812978
2023-08-07,Marketing,348.2597346630044
2023-08-08,Ingredients,79.51032106988485
2023-08-08,Utilities,297.32905263902353
2023-08-08,Rent,1054.467236544657
2023-08-08,Salaries,227.80390455068937
2023-08-08,Maintenance,241.50032756107817
2023-08-08,Marketing,253.32703408609459
2023-08-09,Ingredients,369.8912173564616
2023-08-09,Utilities,86.53838794075763
2023-08-09,Rent,1134.1211603378813
2023-08-09,Salaries,338.5083981499994
2023-08-09,Maintenance,474.60450047869756
2023-08-09,Marketing,329.3588729765508
2023-08-10,Ingredients,447.5147506731221
2023-08-10,Utilities,485.78266288822545
2023-08-10,Rent,1441.952161841931
2023-08-10,Salaries,487.49309391668527
2023-08-10,Maintenance,399.66864813372183
2023-08-10,Marketing,449.2203709755007
2023-08-11,Ingredients,271.1531929383168
2023-08-11,Utilities,205.44757846613982
2023-08-11,Rent,1499.8553149072336
2023-08-11,Salaries,93.99195680287171
2023-08-11,Maintenance,481.18938926053863
2023-08-11,Marketing,243.89343502297973
2023-08-12,Ingredients,60.07249011526935
2023-08-12,Utilities,411.3573934652543
2023-08-12,Rent,1222.1083437678221
2023-08-12,Salaries,409.4087600226188
2023-08-12,Maintenance,70.1674117094582
2023-08-12,Marketing,488.3659258073862
2023-08-13,Ingredients,351.9670796452656
2023-08-13,Utilities,71.59828156202475
2023-08-13,Rent,1002.3233881200136
2023-08-13,Salaries,317.30071075676074
2023-08-13,Maintenance,489.42468448711753
2023-08-13,Marketing,285.7997702989909
2023-08-14,Ingredients,209.25247141290495
2023-08-14,Utilities,472.51667099030175
2023-08-14,Rent,1491.976806196901
2023-08-14,Salaries,403.018162821067
2023-08-14,Maintenance,373.0616392773566
2023-08-14,Marketing,50.928666077817034
2023-08-15,Ingredients,191.15719384427487
2023-08-15,Utilities,466.3293102031135
2023-08-15,Rent,1184.0679039219388
2023-08-15,Salaries,200.5608065565809
2023-08-15,Maintenance,291.7312952969823
2023-08-15,Marketing,251.50386262843298
2023-08-16,Ingredients,436.4590455198092
2023-08-16,Utilities,86.76323088900055
2023-08-16,Rent,1329.3746764056093
2023-08-16,Salaries,363.73558422256883
2023-08-16,Maintenance,446.05074312482844
2023-08-16,Marketing,237.10298200102372
2023-08-17,Ingredients,182.75240462877426
2023-08-17,Utilities,331.9523880654402
2023-08-17,Rent,1362.4625349350292
2023-08-17,Salaries,126.94067448915084
2023-08-17,Maintenance,121.17363111455691
2023-08-17,Marketing,168.62141316737456
2023-08-18,Ingredients,161.56279434146185
2023-08-18,Utilities,387.79434805708786
2023-08-18,Rent,1265.3512987607837
2023-08-18,Salaries,296.5058840168271
2023-08-18,Maintenance,56.61597467625113
2023-08-18,Marketing,497.41588597150394
2023-08-19,Ingredients,423.4055348752509
2023-08-19,Utilities,249.64902314183368
2023-08-19,Rent,1033.4411096199528
2023-08-19,Salaries,362.4295918821474
2023-08-19,Maintenance,290.7707645061581
2023-08-19,Marketing,354.8925073261639
2023-08-20,Ingredients,354.90986625781653
2023-08-20,Utilities,119.63046356829743
2023-08-20,Rent,1164.4049258462062
2023-08-20,Salaries,57.992022829615195
2023-08-20,Maintenance,492.0182706266357
2023-08-20,Marketing,412.9094717795762
2023-08-21,Ingredients,467.96385149267627
2023-08-21,Utilities,69.85878673600135
2023-08-21,Rent,1250.1734980368296
2023-08-21,Salaries,386.34518782093716
2023-08-21,Maintenance,96.66713668645528
2023-08-21,Marketing,399.689130310326
2023-08-22,Ingredients,341.3760226345363
2023-08-22,Utilities,493.2298863282311
2023-08-22,Rent,1070.4328987566382
2023-08-22,Salaries,333.17477974003054
2023-08-22,Maintenance,476.2104630279776
2023-08-22,Marketing,384.6512363476218
2023-08-23,Ingredients,201.26658901333042
2023-08-23,Utilities,103.66287505213533
2023-08-23,Rent,1481.8832503795163
2023-08-23,Salaries,82.35667264171556
2023-08-23,Maintenance,488.82580552495017
2023-08-23,Marketing,186.58026483238135
2023-08-24,Ingredients,437.1399993208308
2023-08-24,Utilities,299.440300529506
2023-08-24,Rent,1456.295264712276
2023-08-24,Salaries,241.97851922711024
2023-08-24,Maintenance,432.4117840875615
2023-08-24,Marketing,157.27328416836278
2023-08-25,Ingredients,260.03368361476896
2023-08-25,Utilities,430.836104557093
2023-08-25,Rent,1059.180836843654
2023-08-25,Salaries,377.8854315961889
2023-08-25,Maintenance,246.59232282955267
2023-08-25,Marketing,280.9467313591236
2023-08-26,Ingredients,310.5643648960676
2023-08-26,Utilities,174.047040011
2023-08-26,Rent,1048.185949695416
2023-08-26,Salaries,58.39670863565505
2023-08-26,Maintenance,243.914946681651
2023-08-26,Marketing,170.99182946033284
2023-08-27,Ingredients,334.8185354995722
2023-08-27,Utilities,372.17204506607004
2023-08-27,Rent,1251.8723729274072
2023-08-27,Salaries,328.5325927421151
2023-08-27,Maintenance,302.3357567208609
2023-08-27,Marketing,52.060123001429496
2023-08-28,Ingredients,428.765865718176
2023-08-28,Utilities,76.8031371360408
2023-08-28,Rent,1205.1702115338078
2023-08-28,Salaries,99.95832624716293
2023-08-28,Maintenance,348.0412755097689
2023-08-28,Marketing,196.51449392386488
2023-08-29,Ingredients,82.01847825903324
2023-08-29,Utilities,70.40876811479497
2023-08-29,Rent,1118.5708754620064
2023-08-29,Salaries,350.2691403389241
2023-08-29,Maintenance,373.19967417888006
2023-08-29,Marketing,107.79368724322784
2023-08-30,Ingredients,112.60049616543468
2023-08-30,Utilities,316.9521234295105
2023-08-30,Rent,1478.6331730177267
2023-08-30,Salaries,298.8099782518858
2023-08-30,Maintenance,370.283957276308
2023-08-30,Marketing,308.9371829474178
2023-08-31,Ingredients,97.17610150225876
2023-08-31,Utilities,475.9088048101283
2023-08-31,Rent,1035.9924677991992
2023-08-31,Salaries,391.9415642850343
2023-08-31,Maintenance,490.70850271629524
2023-08-31,Marketing,193.54874306175665
2023-09-01,Ingredients,127.23361003176888
2023-09-01,Utilities,304.77845980589774
2023-09-01,Rent,1397.5332820811534
2023-09-01,Salaries,477.2637723131793
2023-09-01,Maintenance,362.15341437707366
2023-09-01,Marketing,201.14290185713392
2023-09-02,Ingredients,272.45577102849614
2023-09-02,Utilities,392.54026364789877
2023-09-02,Rent,1393.9662118338708
2023-09-02,Salaries,83.4967620363442
2023-09-02,Maintenance,326.1828473137368
2023-09-02,Marketing,485.3165234484942
2023-09-03,Ingredients,403.3655153752562
2023-09-03,Utilities,53.2952536321338
2023-09-03,Rent,1112.4707850544314
2023-09-03,Salaries,250.253949318829
2023-09-03,Maintenance,367.8212606707968
2023-09-03,Marketing,299.8610207036607
2023-09-04,Ingredients,84.79753619244325
2023-09-04,Utilities,382.22086229975554
2023-09-04,Rent,1419.3568409398456
2023-09-04,Salaries,142.5910215978541
2023-09-04,Maintenance,80.34063489987784
2023-09-04,Marketing,405.93088417173624
2023-09-05,Ingredients,338.2008594759166
2023-09-05,Utilities,411.5768116534942
2023-09-05,Rent,1283.2983800735753
2023-09-05,Salaries,242.8420519887687
2023-09-05,Maintenance,483.384970807407
2023-09-05,Marketing,400.9818898946109
2023-09-06,Ingredients,235.3623108120636
2023-09-06,Utilities,458.3831388677451
2023-09-06,Rent,1496.7496230840336
2023-09-06,Salaries,188.7064314059259
2023-09-06,Maintenance,451.61455500419333
2023-09-06,Marketing,70.42886330949763
2023-09-07,Ingredients,146.45705115920808
2023-09-07,Utilities,122.41052269364238
2023-09-07,Rent,1178.2967901289192
2023-09-07,Salaries,303.18016012592875
2023-09-07,Maintenance,373.9909317504873
2023-09-07,Marketing,456.26170872521425
2023-09-08,Ingredients,121.34643492734517
2023-09-08,Utilities,310.2275817119708
2023-09-08,Rent,1277.3466638345164
2023-09-08,Salaries,256.3132393940517
2023-09-08,Maintenance,362.56219129597963
2023-09-08,Marketing,281.0125003656545
2023-09-09,Ingredients,297.5861290817224
2023-09-09,Utilities,456.49894926822486
2023-09-09,Rent,1430.1361053237747
2023-09-09,Salaries,309.80030039015077
2023-09-09,Maintenance,120.29434545913753
2023-09-09,Marketing,481.41567002488006
2023-09-10,Ingredients,330.2149693808873
2023-09-10,Utilities,413.36358111805066
2023-09-10,Rent,1027.5108876678155
2023-09-10,Salaries,453.5714201770921
2023-09-10,Maintenance,362.0729895845818
2023-09-10,Marketing,358.44120038910364
2023-09-11,Ingredients,99.55055856713467
2023-09-11,Utilities,370.78847820164634
2023-09-11,Rent,1038.3186240602988
2023-09-11,Salaries,75.12168135404448
2023-09-11,Maintenance,196.40656917580975
2023-09-11,Marketing,60.42633559003027
2023-09-12,Ingredients,121.83135167458876
2023-09-12,Utilities,376.75703418475206
2023-09-12,Rent,1417.4627351215531
2023-09-12,Salaries,130.7846395595797
2023-09-12,Maintenance,420.483893676722
2023-09-12,Marketing,266.2385430329684
2023-09-13,Ingredients,481.05259053467825
2023-09-13,Utilities,112.68902922893284
2023-09-13,Rent,1026.7823911444764
2023-09-13,Salaries,430.28595759633083
2023-09-13,Maintenance,212.89349540253394
2023-09-13,Marketing,255.7265864919303
2023-09-14,Ingredients,280.30730261545926
2023-09-14,Utilities,421.3250275937438
2023-09-14,Rent,1038.000190378668
2023-09-14,Salaries,298.00592019014334
2023-09-14,Maintenance,243.75570763308127
2023-09-14,Marketing,203.12613819385368
2023-09-15,Ingredients,206.659049289241
2023-09-15,Utilities,468.6533395636048
2023-09-15,Rent,1134.0562611516634
2023-09-15,Salaries,254.57862429913308
2023-09-15,Maintenance,271.761056482534
2023-09-15,Marketing,373.9387016722655
2023-09-16,Ingredients,283.5439514821274
2023-09-16,Utilities,329.5547325609958
2023-09-16,Rent,1199.4154278223323
2023-09-16,Salaries,373.37748654264635
2023-09-16,Maintenance,259.63331032635847
2023-09-16,Marketing,150.2209013193208
2023-09-17,Ingredients,417.6185983136271
2023-09-17,Utilities,394.453476887285
2023-09-17,Rent,1313.7450728515375
2023-09-17,Salaries,284.8762459669082
2023-09-17,Maintenance,143.82324800582057
2023-09-17,Marketing,440.7593374422773
2023-09-18,Ingredients,93.73655335205552
2023-09-18,Utilities,222.4326958819418
2023-09-18,Rent,1426.2804660607849
2023-09-18,Salaries,318.0050546495154
2023-09-18,Maintenance,247.37894528807496
2023-09-18,Marketing,406.11236157779706
2023-09-19,Ingredients,495.2813194669044
2023-09-19,Utilities,134.9660275772603
2023-09-19,Rent,1025.3665009453985
2023-09-19,Salaries,258.34461759104875
2023-09-19,Maintenance,179.3282499477749
2023-09-19,Marketing,350.03819178872095
2023-09-20,Ingredients,272.4162614224599
2023-09-20,Utilities,274.5513285855052
2023-09-20,Rent,1177.4910144909556
2023-09-20,Salaries,144.80287211118414
2023-09-20,Maintenance,146.0544386145926
2023-09-20,Marketing,224.1366080404659
2023-09-21,Ingredients,356.82610139132953
2023-09-21,Utilities,201.71712597855202
2023-09-21,Rent,1163.0085595833089
2023-09-21,Salaries,241.2502619554037
2023-09-21,Maintenance,495.887654744877
2023-09-21,Marketing,91.05603829227609
2023-09-22,Ingredients,182.5936175799918
2023-09-22,Utilities,181.40094632393314
2023-09-22,Rent,1487.2503891511533
2023-09-22,Salaries,233.23010000829623
2023-09-22,Maintenance,305.13737052682484
2023-09-22,Marketing,139.15893233974566
2023-09-23,Ingredients,55.71875285950443
2023-09-23,Utilities,202.67123683216295
2023-09-23,Rent,1319.5165309777155
2023-09-23,Salaries,361.1932148818253
2023-09-23,Maintenance,389.2441245459044
2023-09-23,Marketing,437.2986398637055
2023-09-24,Ingredients,102.03036905739677
2023-09-24,Utilities,87.2566754996272
2023-09-24,Rent,1393.8427016394278
2023-09-24,Salaries,246.08810256464741
2023-09-24,Maintenance,476.20252700224955
2023-09-24,Marketing,474.56811790336934
2023-09-25,Ingredients,113.74344757535366
2023-09-25,Utilities,361.0511452142666
2023-09-25,Rent,1033.5536562951356
2023-09-25,Salaries,231.53451099046427
2023-09-25,Maintenance,428.7695197134191
2023-09-25,Marketing,257.4317851346313
2023-09-26,Ingredients,65.12604497809352
2023-09-26,Utilities,158.1478896595942
2023-09-26,Rent,1043.1852215702756
2023-09-26,Salaries,233.70588132783686
2023-09-26,Maintenance,363.5145720542735
2023-09-26,Marketing,347.1608327373398
2023-09-27,Ingredients,373.52299765080375
2023-09-27,Utilities,222.71720369972374
2023-09-27,Rent,1132.6397994503895
2023-09-27,Salaries,75.61954281857142
2023-09-27,Maintenance,473.7089121457976
2023-09-27,Marketing,103.2261226969171
2023-09-28,Ingredients,130.20987251503152
2023-09-28,Utilities,61.25036047891768
2023-09-28,Rent,1158.5841118806215
2023-09-28,Salaries,418.48113655140077
2023-09-28,Maintenance,199.51102949129395
2023-09-28,Marketing,349.69222707732837
2023-09-29,Ingredients,484.49505941374724
2023-09-29,Utilities,451.63876943591424
2023-09-29,Rent,1089.986074751644
2023-09-29,Salaries,211.64330172986413
2023-09-29,Maintenance,388.01322415038027
2023-09-29,Marketing,489.9463977386576
2023-09-30,Ingredients,372.17072244015196
2023-09-30,Utilities,163.49563423646842
2023-09-30,Rent,1066.4113532132167
2023-09-30,Salaries,272.82185873153543
2023-09-30,Maintenance,136.8281109595621
2023-09-30,Marketing,152.42665871358068
2023-10-01,Ingredients,335.49431049176064
2023-10-01,Utilities,281.6759087252158
2023-10-01,Rent,1060.3466372754963
2023-10-01,Salaries,119.15514999466166
2023-10-01,Maintenance,58.74547713109602
2023-10-01,Marketing,148.8469477422596
2023-10-02,Ingredients,449.29092216010815
2023-10-02,Utilities,406.8650057988965
2023-10-02,Rent,1207.3909506795583
2023-10-02,Salaries,383.87034547805564
2023-10-02,Maintenance,233.13616748200033
2023-10-02,Marketing,406.44681779658634
2023-10-03,Ingredients,131.8756889809483
2023-10-03,Utilities,118.632811875383
2023-10-03,Rent,1038.9703031571487
2023-10-03,Salaries,158.81285422080495
2023-10-03,Maintenance,115.84230447308293
2023-10-03,Marketing,409.3886178475743
2023-10-04,Ingredients,157.98726056490275
2023-10-04,Utilities,282.2934235114695
2023-10-04,Rent,1378.0985761012948
2023-10-04,Salaries,354.68350280682535
2023-10-04,Maintenance,142.06530808340682
2023-10-04,Marketing,84.68233101021838
2023-10-05,Ingredients,460.29273863606977
2023-10-05,Utilities,329.8971824390931
2023-10-05,Rent,1353.2818501397558
2023-10-05,Salaries,223.7063207917822
2023-10-05,Maintenance,158.7230853931334
2023-10-05,Marketing,288.77785946849446
2023-10-06,Ingredients,85.04684048724988
2023-10-06,Utilities,409.9893996368838
2023-10-06,Rent,1327.252515725266
2023-10-06,Salaries,392.7352957014478
2023-10-06,Maintenance,306.1673984209688
2023-10-06,Marketing,310.0591145116477
2023-10-07,Ingredients,320.1690470614668
2023-10-07,Utilities,402.8715786978262
2023-10-07,Rent,1112.6927034377688
2023-10-07,Salaries,356.68945021728905
2023-10-07,Maintenance,298.7175482067014
2023-10-07,Marketing,272.79848863325606
2023-10-08,Ingredients,293.40794917615676
2023-10-08,Utilities,172.49005871592382
2023-10-08,Rent,1018.5403192416533
2023-10-08,Salaries,391.6237823354677
2023-10-08,Maintenance,462.27808554187567
2023-10-08,Marketing,266.3431612231814
2023-10-09,Ingredients,427.0558120393817
2023-10-09,Utilities,299.8653950623553
2023-10-09,Rent,1465.1511108274062
2023-10-09,Salaries,278.78788403184205
2023-10-09,Maintenance,142.18372193656796
2023-10-09,Marketing,441.55180091524045
2023-10-10,Ingredients,410.12230699319036
2023-10-10,Utilities,229.10483065445595
2023-10-10,Rent,1420.9557726300525
2023-10-10,Salaries,54.0727127245801
2023-10-10,Maintenance,409.8862408346916
2023-10-10,Marketing,359.6180732191511
2023-10-11,Ingredients,220.85514489281906
2023-10-11,Utilities,406.2136225646563
2023-10-11,Rent,1063.3309396412487
2023-10-11,Salaries,141.4937390309103
2023-10-11,Maintenance,290.11101401096084
2023-10-11,Marketing,446.4618294603469
2023-10-12,Ingredients,108.5472640873
2023-10-12,Utilities,303.9209050399434
2023-10-12,Rent,1376.5658505289387
2023-10-12,Salaries,384.5090632223686
2023-10-12,Maintenance,332.58250947642085
2023-10-12,Marketing,473.41448036316876
2023-10-13,Ingredients,266.9617088281743
2023-10-13,Utilities,446.11009691790855
2023-10-13,Rent,1309.7919698399362
2023-10-13,Salaries,381.8600054819195
2023-10-13,Maintenance,259.1744833010397
2023-10-13,Marketing,125.4287028816778
2023-10-14,Ingredients,99.09293978975045
2023-10-14,Utilities,357.0486868359648
2023-10-14,Rent,1188.2380963806932
2023-10-14,Salaries,305.36726671367273
2023-10-14,Maintenance,385.7221993736474
2023-10-14,Marketing,403.91676852701255
2023-10-15,Ingredients,279.3471478793242
2023-10-15,Utilities,191.52607867840075
2023-10-15,Rent,1387.9401373176584
2023-10-15,Salaries,236.90537292392193
2023-10-15,Maintenance,471.5288409257118
2023-10-15,Marketing,421.057410916601
2023-10-16,Ingredients,386.1125277734589
2023-10-16,Utilities,158.5598596806205
2023-10-16,Rent,1181.3810029523286
2023-10-16,Salaries,432.0413292031073
2023-10-16,Maintenance,60.41289492480443
2023-10-16,Marketing,401.66093574583783
2023-10-17,Ingredients,231.8682015481303
2023-10-17,Utilities,409.70708449154733
2023-10-17,Rent,1276.1959488220969
2023-10-17,Salaries,287.06301540153896
2023-10-17,Maintenance,365.7161068009432
2023-10-17,Marketing,412.8502266568547
2023-10-18,Ingredients,362.0546579706066
2023-10-18,Utilities,252.82143762269936
2023-10-18,Rent,1160.4180382644245
2023-10-18,Salaries,430.53344549060637
2023-10-18,Maintenance,284.3499286088403
2023-10-18,Marketing,402.5573381614334
2023-10-19,Ingredients,498.0728494054869
2023-10-19,Utilities,339.7494111210345
2023-10-19,Rent,1139.1730973781446
2023-10-19,Salaries,439.50047311752627
2023-10-19,Maintenance,173.15287141003193
2023-10-19,Marketing,167.1804357614572
2023-10-20,Ingredients,83.2716597637222
2023-10-20,Utilities,85.3532137624308
2023-10-20,Rent,1431.160683959232
2023-10-20,Salaries,153.82828179324403
2023-10-20,Maintenance,98.9096816857162
2023-10-20,Marketing,208.66459724210804
2023-10-21,Ingredients,371.0948476811963
2023-10-21,Utilities,202.83397503482047
2023-10-21,Rent,1154.640033579886
2023-10-21,Salaries,269.62957827447553
2023-10-21,Maintenance,59.5400646293133
2023-10-21,Marketing,270.9830627197433
2023-10-22,Ingredients,495.50855991063514
2023-10-22,Utilities,409.7068701814846
2023-10-22,Rent,1035.2458995809059
2023-10-22,Salaries,344.670120436633
2023-10-22,Maintenance,257.5004959126745
2023-10-22,Marketing,421.81185523996044
2023-10-23,Ingredients,94.33679708851213
2023-10-23,Utilities,154.7279649280169
2023-10-23,Rent,1395.5705401483115
2023-10-23,Salaries,432.1397021270065
2023-10-23,Maintenance,288.1920949814075
2023-10-23,Marketing,58.86366213700469
2023-10-24,Ingredients,452.17176044204666
2023-10-24,Utilities,222.24435171078906
2023-10-24,Rent,1019.8402670940467
2023-10-24,Salaries,418.46551063234483
2023-10-24,Maintenance,238.13110505981942
2023-10-24,Marketing,135.49563069311162
2023-10-25,Ingredients,410.7102189887763
2023-10-25,Utilities,255.97205458799826
2023-10-25,Rent,1303.9047817304238
2023-10-25,Salaries,420.40464067388586
2023-10-25,Maintenance,285.08994006867306
2023-10-25,Marketing,99.71511443124129
2023-10-26,Ingredients,483.6928214239451
2023-10-26,Utilities,178.94322834944956
2023-10-26,Rent,1497.1247157773957
2023-10-26,Salaries,52.71104212090079
2023-10-26,Maintenance,267.7046262146751
2023-10-26,Marketing,367.22074855726447
2023-10-27,Ingredients,457.8358703082567
2023-10-27,Utilities,401.151625422107
2023-10-27,Rent,1127.8139093453603
2023-10-27,Salaries,159.48698356846816
2023-10-27,Maintenance,210.46399966608303
2023-10-27,Marketing,99.74309031912136
2023-10-28,Ingredients,351.30796042784215
2023-10-28,Utilities,473.5662541456237
2023-10-28,Rent,1321.0521905373485
2023-10-28,Salaries,290.0181331264188
2023-10-28,Maintenance,276.5071472171659
2023-10-28,Marketing,316.6759072308692
2023-10-29,Ingredients,369.77581618826224
2023-10-29,Utilities,407.74970922059157
2023-10-29,Rent,1349.1605858024554
2023-10-29,Salaries,367.2643427486334
2023-10-29,Maintenance,478.2802141857568
2023-10-29,Marketing,454.70452789324287
2023-10-30,Ingredients,420.7654933055631
2023-10-30,Utilities,69.51210843208244
2023-10-30,Rent,1334.4336735438037
2023-10-30,Salaries,254.7413493713696
2023-10-30,Maintenance,327.91964822012915
2023-10-30,Marketing,358.8269778976208
2023-10-31,Ingredients,371.5933443185901
2023-10-31,Utilities,441.24183040079555
2023-10-31,Rent,1454.9955841176306
2023-10-31,Salaries,323.07278596002527
2023-10-31,Maintenance,452.37390592373185
2023-10-31,Marketing,394.07977415135366
2023-11-01,Ingredients,141.22642484996953
2023-11-01,Utilities,65.89035438524968
2023-11-01,Rent,1004.9441592763217
2023-11-01,Salaries,313.98043886279635
2023-11-01,Maintenance,284.7169650139235
2023-11-01,Marketing,363.3658486274354
2023-11-02,Ingredients,429.27272912721054
2023-11-02,Utilities,123.99912381283181
2023-11-02,Rent,1428.2158847517667
2023-11-02,Salaries,94.13692043272371
2023-11-02,Maintenance,447.4595095270907
2023-11-02,Marketing,432.7188997258917
2023-11-03,Ingredients,363.6301113435092
2023-11-03,Utilities,185.0131485576296
2023-11-03,Rent,1046.7067297441495
2023-11-03,Salaries,400.13917966796623
2023-11-03,Maintenance,148.04573628181325
2023-11-03,Marketing,248.4216873166074
2023-11-04,Ingredients,288.88658002146735
2023-11-04,Utilities,358.4490430712993
2023-11-04,Rent,1243.7190361266432
2023-11-04,Salaries,362.5399697679453
2023-11-04,Maintenance,416.31720778152624
2023-11-04,Marketing,370.87739948512706
2023-11-05,Ingredients,184.77621880610462
2023-11-05,Utilities,452.4287676419522
2023-11-05,Rent,1275.2857194022035
2023-11-05,Salaries,259.418667995321
2023-11-05,Maintenance,308.77115261203704
2023-11-05,Marketing,267.4490001014194
2023-11-06,Ingredients,389.7994848830535
2023-11-06,Utilities,239.29878926077117
2023-11-06,Rent,1388.3615696468726
2023-11-06,Salaries,392.0698565661456
2023-11-06,Maintenance,174.59168766145964
2023-11-06,Marketing,93.17359872944509
2023-11-07,Ingredients,432.93110751268455
2023-11-07,Utilities,126.01390731340858
2023-11-07,Rent,1015.5912697877661
2023-11-07,Salaries,231.04692289827568
2023-11-07,Maintenance,164.36724294843182
2023-11-07,Marketing,149.16254545254992
2023-11-08,Ingredients,127.54111629565385
2023-11-08,Utilities,387.1384541424217
2023-11-08,Rent,1391.711359527231
2023-11-08,Salaries,70.87531264861556
2023-11-08,Maintenance,296.0652891760873
2023-11-08,Marketing,110.81545066957294
2023-11-09,Ingredients,274.7993572851268
2023-11-09,Utilities,206.5684139149503
2023-11-09,Rent,1100.9080968719595
2023-11-09,Salaries,476.62686603947617
2023-11-09,Maintenance,480.53577955270924
2023-11-09,Marketing,303.7867344865213
2023-11-10,Ingredients,134.62252891983096
2023-11-10,Utilities,312.46967492037936
2023-11-10,Rent,1464.2496333625509
2023-11-10,Salaries,219.99235103013606
2023-11-10,Maintenance,111.98155881085601
2023-11-10,Marketing,362.1605830418063
2023-11-11,Ingredients,345.321021835892
2023-11-11,Utilities,50.62470867937747
2023-11-11,Rent,1426.8027939931865
2023-11-11,Salaries,347.3361942691506
2023-11-11,Maintenance,138.06436721370105
2023-11-11,Marketing,51.45744148376015
2023-11-12,Ingredients,487.53506223477007
2023-11-12,Utilities,389.60588122730496
2023-11-12,Rent,1182.525600635956
2023-11-12,Salaries,244.7547946485408
2023-11-12,Maintenance,292.4872303045473
2023-11-12,Marketing,373.38255653897875
2023-11-13,Ingredients,127.81893490085079
2023-11-13,Utilities,138.0780725437297
2023-11-13,Rent,1024.1348394485447
2023-11-13,Salaries,493.6074070923988
2023-11-13,Maintenance,444.00694439207643
2023-11-13,Marketing,298.83110611860735
2023-11-14,Ingredients,243.62314054378754
2023-11-14,Utilities,156.847978682892
2023-11-14,Rent,1297.4913988417168
2023-11-14,Salaries,360.72966128426475
2023-11-14,Maintenance,360.13224801275663
2023-11-14,Marketing,52.896262072219066
2023-11-15,Ingredients,365.91751394343686
2023-11-15,Utilities,439.86778305924827
2023-11-15,Rent,1057.4583424481177
2023-11-15,Salaries,389.919655532641
2023-11-15,Maintenance,420.4573666543069
2023-11-15,Marketing,174.27622326389414
2023-11-16,Ingredients,370.44778634457634
2023-11-16,Utilities,93.53969286354
2023-11-16,Rent,1324.6060659394645
2023-11-16,Salaries,279.64820793979413
2023-11-16,Maintenance,432.43346626730806
2023-11-16,Marketing,253.3854247591479
2023-11-17,Ingredients,242.64312283070717
2023-11-17,Utilities,470.2031797433683
2023-11-17,Rent,1467.133375610315
2023-11-17,Salaries,66.07023410304755
2023-11-17,Maintenance,268.5042736646276
2023-11-17,Marketing,122.43092069001786
2023-11-18,Ingredients,173.16779794231192
2023-11-18,Utilities,349.76315410905613
2023-11-18,Rent,1064.6439391299411
2023-11-18,Salaries,55.07172204026398
2023-11-18,Maintenance,377.20563917030256
2023-11-18,Marketing,338.60492878921485
2023-11-19,Ingredients,456.1989279738198
2023-11-19,Utilities,294.03955450297764
2023-11-19,Rent,1472.665345767834
2023-11-19,Salaries,324.191012569458
2023-11-19,Maintenance,224.21766442785264
2023-11-19,Marketing,323.8086673820313
2023-11-20,Ingredients,387.1311215523302
2023-11-20,Utilities,206.39351870001707
2023-11-20,Rent,1186.2624685480218
2023-11-20,Salaries,333.4717826826334
2023-11-20,Maintenance,255.01638025716417
2023-11-20,Marketing,287.1379427663703
2023-11-21,Ingredients,491.93673461681783
2023-11-21,Utilities,69.6987195551765
2023-11-21,Rent,1323.9501865094403
2023-11-21,Salaries,465.29845941138797
2023-11-21,Maintenance,156.2951329348507
2023-11-21,Marketing,145.41241744131557
2023-11-22,Ingredients,213.34912741863818
2023-11-22,Utilities,83.33533951349733
2023-11-22,Rent,1280.1423965909892
2023-11-22,Salaries,340.45649522283526
2023-11-22,Maintenance,418.94906427850196
2023-11-22,Marketing,79.779244241712
2023-11-23,Ingredients,246.28324067352162
2023-11-23,Utilities,402.8930764116044
2023-11-23,Rent,1384.1509318956519
2023-11-23,Salaries,83.138251672821
2023-11-23,Maintenance,55.12801533933207
2023-11-23,Marketing,402.4974847375497
2023-11-24,Ingredients,112.0899359095399
2023-11-24,Utilities,310.0053040359354
2023-11-24,Rent,1047.123084945128
2023-11-24,Salaries,182.98001034701556
2023-11-24,Maintenance,121.11677691457884
2023-11-24,Marketing,381.3774658952957
2023-11-25,Ingredients,352.72598793421076
2023-11-25,Utilities,110.88746626714764
2023-11-25,Rent,1029.6651730685885
2023-11-25,Salaries,259.85086293748657
2023-11-25,Maintenance,137.99657712241654
2023-11-25,Marketing,53.66391660636218
2023-11-26,Ingredients,168.92273355269074
2023-11-26,Utilities,146.85965464426565
2023-11-26,Rent,1342.479624359919
2023-11-26,Salaries,437.3883854091684
2023-11-26,Maintenance,156.9375121944837
2023-11-26,Marketing,150.37149272442394
2023-11-27,Ingredients,224.4948525151015
2023-11-27,Utilities,127.65093528608674
2023-11-27,Rent,1473.4075200406241
2023-11-27,Salaries,159.58694280963272
2023-11-27,Maintenance,91.99810109626482
2023-11-27,Marketing,300.5999583606115
2023-11-28,Ingredients,291.9287958140676
2023-11-28,Utilities,334.3613775566816
2023-11-28,Rent,1483.3512826860133
2023-11-28,Salaries,195.56923304141353
2023-11-28,Maintenance,211.80711946165724
2023-11-28,Marketing,201.66820043511186
2023-11-29,Ingredients,332.88334729088507
2023-11-29,Utilities,321.83106752573906
2023-11-29,Rent,1264.4035313627514
2023-11-29,Salaries,213.9466817539692
2023-11-29,Maintenance,242.4423437856733
2023-11-29,Marketing,406.62824064154
2023-11-30,Ingredients,324.1610265456951
2023-11-30,Utilities,372.3385342023191
2023-11-30,Rent,1138.3648614255717
2023-11-30,Salaries,460.1714420005379
2023-11-30,Maintenance,65.82322487435289
2023-11-30,Marketing,318.0635981722928
2023-12-01,Ingredients,415.55752336881227
2023-12-01,Utilities,439.8284661481513
2023-12-01,Rent,1159.775865583629
2023-12-01,Salaries,256.88788827370917
2023-12-01,Maintenance,65.70012201886925
2023-12-01,Marketing,405.39443622486993
2023-12-02,Ingredients,106.05739453778352
2023-12-02,Utilities,242.63664157374828
2023-12-02,Rent,1495.404504997537
2023-12-02,Salaries,462.98175784991406
2023-12-02,Maintenance,198.5106042333482
2023-12-02,Marketing,150.7462705696726
2023-12-03,Ingredients,163.26161449455492
2023-12-03,Utilities,358.1535456834755
2023-12-03,Rent,1362.898639034447
2023-12-03,Salaries,147.42188590452344
2023-12-03,Maintenance,157.99548195991179
2023-12-03,Marketing,195.52508728313734
2023-12-04,Ingredients,244.93009026087708
2023-12-04,Utilities,462.86189723014326
2023-12-04,Rent,1013.2539220733223
2023-12-04,Salaries,337.1888231265284
2023-12-04,Maintenance,437.7639199577803
2023-12-04,Marketing,375.51362007247303
2023-12-05,Ingredients,147.53395390804556
2023-12-05,Utilities,264.53599445988675
2023-12-05,Rent,1455.1402893016077
2023-12-05,Salaries,102.07285941308955
2023-12-05,Maintenance,494.38003206254865
2023-12-05,Marketing,114.63065438283351
2023-12-06,Ingredients,114.08789458859269
2023-12-06,Utilities,415.78669300167735
2023-12-06,Rent,1414.1732591471582
2023-12-06,Salaries,67.0633952131806
2023-12-06,Maintenance,125.73743276433044
2023-12-06,Marketing,476.83744415054304
2023-12-07,Ingredients,175.70536943473064
2023-12-07,Utilities,55.50784932600188
2023-12-07,Rent,1127.0210502691252
2023-12-07,Salaries,380.9446534309546
2023-12-07,Maintenance,462.40402063137725
2023-12-07,Marketing,119.82046335259847
2023-12-08,Ingredients,150.98621893327132
2023-12-08,Utilities,248.68908688700245
2023-12-08,Rent,1374.1511762004623
2023-12-08,Salaries,346.4136599241015
2023-12-08,Maintenance,197.39011145271482
2023-12-08,Marketing,79.85831862314143
2023-12-09,Ingredients,163.8322909615452
2023-12-09,Utilities,148.80352834683097
2023-12-09,Rent,1010.5268815370523
2023-12-09,Salaries,488.7679894436579
2023-12-09,Maintenance,164.9171891045059
2023-12-09,Marketing,426.44077126727075
2023-12-10,Ingredients,268.1877224030209
2023-12-10,Utilities,487.5308406079283
2023-12-10,Rent,1074.7765604767826
2023-12-10,Salaries,99.80292242280096
2023-12-10,Maintenance,51.10831602061489
2023-12-10,Marketing,373.3011900439756
2023-12-11,Ingredients,187.86932152538884
2023-12-11,Utilities,441.6597264351423
2023-12-11,Rent,1316.9024260735482
2023-12-11,Salaries,309.84434990904253
2023-12-11,Maintenance,269.10119152725326
2023-12-11,Marketing,166.17814028800612
2023-12-12,Ingredients,79.10983906648205
2023-12-12,Utilities,249.6055903485619
2023-12-12,Rent,1049.5598259926335
2023-12-12,Salaries,457.5790094429183
2023-12-12,Maintenance,423.1981032815045
2023-12-12,Marketing,328.8925802633133
2023-12-13,Ingredients,253.59786183548744
2023-12-13,Utilities,254.38793088406348
2023-12-13,Rent,1232.25753850529
2023-12-13,Salaries,385.458410288059
2023-12-13,Maintenance,106.79227870829904
2023-12-13,Marketing,289.083102266485
2023-12-14,Ingredients,415.69999761436327
2023-12-14,Utilities,279.55664438101167
2023-12-14,Rent,1006.8706159425955
2023-12-14,Salaries,160.11076727203348
2023-12-14,Maintenance,350.8630890408616
2023-12-14,Marketing,470.38980874682534
2023-12-15,Ingredients,452.18663819081405
2023-12-15,Utilities,420.2172137855307
2023-12-15,Rent,1475.0820816442956
2023-12-15,Salaries,175.96303496088444
2023-12-15,Maintenance,55.57895558020983
2023-12-15,Marketing,209.4685681452156
2023-12-16,Ingredients,309.6549508671189
2023-12-16,Utilities,192.40970006466648
2023-12-16,Rent,1022.1018792729226
2023-12-16,Salaries,278.23414618251667
2023-12-16,Maintenance,139.86336244401258
2023-12-16,Marketing,377.4070747127747
2023-12-17,Ingredients,90.14070940097744
2023-12-17,Utilities,481.1566010270467
2023-12-17,Rent,1438.3402395549447
2023-12-17,Salaries,443.2343678277517
2023-12-17,Maintenance,405.45078743908715
2023-12-17,Marketing,335.1151816066252
2023-12-18,Ingredients,74.04306768932553
2023-12-18,Utilities,348.0916497982051
2023-12-18,Rent,1373.463640839621
2023-12-18,Salaries,108.86896195484714
2023-12-18,Maintenance,327.0902114782006
2023-12-18,Marketing,265.4903633907086
2023-12-19,Ingredients,262.59869404399944
2023-12-19,Utilities,139.7580050832472
2023-12-19,Rent,1369.7190927980496
2023-12-19,Salaries,466.3060974250941
2023-12-19,Maintenance,404.51149231252623
2023-12-19,Marketing,216.06450026782645
2023-12-20,Ingredients,492.8797897451903
2023-12-20,Utilities,213.8766376806198
2023-12-20,Rent,1117.2119315838943
2023-12-20,Salaries,485.63808751986625
2023-12-20,Maintenance,405.4174407430933
2023-12-20,Marketing,392.5598636900578
2023-12-21,Ingredients,84.84437453316434
2023-12-21,Utilities,136.41062280076216
2023-12-21,Rent,1009.2589807586846
2023-12-21,Salaries,399.49213020986156
2023-12-21,Maintenance,175.20933258161907
2023-12-21,Marketing,109.50072145704327
2023-12-22,Ingredients,131.85104163457657
2023-12-22,Utilities,338.50937461283115
2023-12-22,Rent,1216.5253453956632
2023-12-22,Salaries,473.6283751597794
2023-12-22,Maintenance,214.65122779912338
2023-12-22,Marketing,425.2434489106203
2023-12-23,Ingredients,295.90925518043355
2023-12-23,Utilities,367.40637238659724
2023-12-23,Rent,1084.330380761521
2023-12-23,Salaries,387.043036725653
2023-12-23,Maintenance,88.54491156958193
2023-12-23,Marketing,361.0046254663418
2023-12-24,Ingredients,259.4829194248635
2023-12-24,Utilities,152.8367629786459
2023-12-24,Rent,1240.1935637356446
2023-12-24,Salaries,435.05515826422686
2023-12-24,Maintenance,119.62363013799012
2023-12-24,Marketing,126.33188754346273
2023-12-25,Ingredients,290.29876053282817
2023-12-25,Utilities,331.3645476403194
2023-12-25,Rent,1210.0998860341194
2023-12-25,Salaries,169.87666915693268
2023-12-25,Maintenance,80.23643536026752
2023-12-25,Marketing,72.40690804207769
2023-12-26,Ingredients,68.3690463386518
2023-12-26,Utilities,455.57736501435653
2023-12-26,Rent,1065.6785778359701
2023-12-26,Salaries,182.80555734040306
2023-12-26,Maintenance,493.6515286180428
2023-12-26,Marketing,467.3636350230238
2023-12-27,Ingredients,69.28786103102064
2023-12-27,Utilities,298.0686146039024
2023-12-27,Rent,1316.749246747517
2023-12-27,Salaries,74.3513568956935
2023-12-27,Maintenance,377.6567561638185
2023-12-27,Marketing,494.5414944756115
2023-12-28,Ingredients,243.2208090136789
2023-12-28,Utilities,252.23789625672654
2023-12-28,Rent,1329.6734423918097
2023-12-28,Salaries,381.4439249211533
2023-12-28,Maintenance,405.39755035303324
2023-12-28,Marketing,84.91092903996355
2023-12-29,Ingredients,410.3099996737861
2023-12-29,Utilities,438.8332785219414
2023-12-29,Rent,1022.613622044493
2023-12-29,Salaries,67.61074917356204
2023-12-29,Maintenance,297.9007183395457
2023-12-29,Marketing,273.56297470210757
2023-12-30,Ingredients,491.0435144413089
2023-12-30,Utilities,182.48067576223247
2023-12-30,Rent,1295.0999898033915
2023-12-30,Salaries,278.0029641478209
2023-12-30,Maintenance,291.07999612647
2023-12-30,Marketing,346.8507417608916
2023-12-31,Ingredients,291.91774579704116
2023-12-31,Utilities,53.12504873702166
2023-12-31,Rent,1421.8551337278423
2023-12-31,Salaries,140.5194834360073
2023-12-31,Maintenance,154.01957432789848
2023-12-31,Marketing,341.58774319482626
