date,hour,attendance
2023-01-01,6,40
2023-01-01,7,46
2023-01-01,8,40
2023-01-01,9,26
2023-01-01,10,10
2023-01-01,11,39
2023-01-01,12,45
2023-01-01,13,41
2023-01-01,14,35
2023-01-01,15,45
2023-01-01,16,49
2023-01-01,17,6
2023-01-01,18,39
2023-01-01,19,32
2023-01-01,20,11
2023-01-01,21,25
2023-01-02,6,48
2023-01-02,7,29
2023-01-02,8,22
2023-01-02,9,45
2023-01-02,10,49
2023-01-02,11,47
2023-01-02,12,17
2023-01-02,13,12
2023-01-02,14,18
2023-01-02,15,21
2023-01-02,16,17
2023-01-02,17,15
2023-01-02,18,14
2023-01-02,19,21
2023-01-02,20,33
2023-01-02,21,48
2023-01-03,6,6
2023-01-03,7,5
2023-01-03,8,31
2023-01-03,9,23
2023-01-03,10,22
2023-01-03,11,39
2023-01-03,12,13
2023-01-03,13,29
2023-01-03,14,26
2023-01-03,15,17
2023-01-03,16,47
2023-01-03,17,33
2023-01-03,18,26
2023-01-03,19,20
2023-01-03,20,23
2023-01-03,21,12
2023-01-04,6,16
2023-01-04,7,6
2023-01-04,8,9
2023-01-04,9,18
2023-01-04,10,20
2023-01-04,11,38
2023-01-04,12,46
2023-01-04,13,14
2023-01-04,14,12
2023-01-04,15,48
2023-01-04,16,29
2023-01-04,17,31
2023-01-04,18,14
2023-01-04,19,40
2023-01-04,20,43
2023-01-04,21,11
2023-01-05,6,19
2023-01-05,7,17
2023-01-05,8,37
2023-01-05,9,39
2023-01-05,10,6
2023-01-05,11,44
2023-01-05,12,15
2023-01-05,13,25
2023-01-05,14,18
2023-01-05,15,29
2023-01-05,16,27
2023-01-05,17,48
2023-01-05,18,5
2023-01-05,19,10
2023-01-05,20,40
2023-01-05,21,22
2023-01-06,6,46
2023-01-06,7,41
2023-01-06,8,9
2023-01-06,9,5
2023-01-06,10,34
2023-01-06,11,5
2023-01-06,12,18
2023-01-06,13,32
2023-01-06,14,35
2023-01-06,15,27
2023-01-06,16,46
2023-01-06,17,35
2023-01-06,18,11
2023-01-06,19,24
2023-01-06,20,24
2023-01-06,21,35
2023-01-07,6,13
2023-01-07,7,15
2023-01-07,8,10
2023-01-07,9,47
2023-01-07,10,22
2023-01-07,11,33
2023-01-07,12,5
2023-01-07,13,48
2023-01-07,14,37
2023-01-07,15,7
2023-01-07,16,42
2023-01-07,17,49
2023-01-07,18,41
2023-01-07,19,45
2023-01-07,20,20
2023-01-07,21,42
2023-01-08,6,39
2023-01-08,7,30
2023-01-08,8,40
2023-01-08,9,25
2023-01-08,10,40
2023-01-08,11,23
2023-01-08,12,13
2023-01-08,13,31
2023-01-08,14,35
2023-01-08,15,19
2023-01-08,16,36
2023-01-08,17,33
2023-01-08,18,13
2023-01-08,19,48
2023-01-08,20,41
2023-01-08,21,21
2023-01-09,6,18
2023-01-09,7,43
2023-01-09,8,44
2023-01-09,9,10
2023-01-09,10,42
2023-01-09,11,36
2023-01-09,12,10
2023-01-09,13,36
2023-01-09,14,38
2023-01-09,15,38
2023-01-09,16,16
2023-01-09,17,13
2023-01-09,18,9
2023-01-09,19,21
2023-01-09,20,32
2023-01-09,21,26
2023-01-10,6,10
2023-01-10,7,36
2023-01-10,8,23
2023-01-10,9,49
2023-01-10,10,21
2023-01-10,11,14
2023-01-10,12,19
2023-01-10,13,43
2023-01-10,14,42
2023-01-10,15,25
2023-01-10,16,44
2023-01-10,17,7
2023-01-10,18,34
2023-01-10,19,19
2023-01-10,20,31
2023-01-10,21,35
2023-01-11,6,20
2023-01-11,7,32
2023-01-11,8,49
2023-01-11,9,44
2023-01-11,10,41
2023-01-11,11,47
2023-01-11,12,13
2023-01-11,13,13
2023-01-11,14,16
2023-01-11,15,32
2023-01-11,16,11
2023-01-11,17,39
2023-01-11,18,40
2023-01-11,19,42
2023-01-11,20,5
2023-01-11,21,38
2023-01-12,6,26
2023-01-12,7,34
2023-01-12,8,24
2023-01-12,9,12
2023-01-12,10,49
2023-01-12,11,11
2023-01-12,12,6
2023-01-12,13,34
2023-01-12,14,16
2023-01-12,15,40
2023-01-12,16,46
2023-01-12,17,42
2023-01-12,18,31
2023-01-12,19,38
2023-01-12,20,42
2023-01-12,21,15
2023-01-13,6,24
2023-01-13,7,34
2023-01-13,8,47
2023-01-13,9,36
2023-01-13,10,30
2023-01-13,11,27
2023-01-13,12,45
2023-01-13,13,28
2023-01-13,14,6
2023-01-13,15,45
2023-01-13,16,36
2023-01-13,17,19
2023-01-13,18,10
2023-01-13,19,20
2023-01-13,20,15
2023-01-13,21,49
2023-01-14,6,13
2023-01-14,7,7
2023-01-14,8,11
2023-01-14,9,34
2023-01-14,10,26
2023-01-14,11,8
2023-01-14,12,9
2023-01-14,13,26
2023-01-14,14,8
2023-01-14,15,44
2023-01-14,16,8
2023-01-14,17,47
2023-01-14,18,49
2023-01-14,19,19
2023-01-14,20,20
2023-01-14,21,46
2023-01-15,6,24
2023-01-15,7,14
2023-01-15,8,37
2023-01-15,9,35
2023-01-15,10,42
2023-01-15,11,48
2023-01-15,12,5
2023-01-15,13,29
2023-01-15,14,41
2023-01-15,15,22
2023-01-15,16,29
2023-01-15,17,19
2023-01-15,18,8
2023-01-15,19,39
2023-01-15,20,8
2023-01-15,21,46
2023-01-16,6,24
2023-01-16,7,16
2023-01-16,8,34
2023-01-16,9,45
2023-01-16,10,26
2023-01-16,11,40
2023-01-16,12,38
2023-01-16,13,31
2023-01-16,14,29
2023-01-16,15,43
2023-01-16,16,16
2023-01-16,17,16
2023-01-16,18,25
2023-01-16,19,37
2023-01-16,20,11
2023-01-16,21,23
2023-01-17,6,28
2023-01-17,7,49
2023-01-17,8,24
2023-01-17,9,9
2023-01-17,10,34
2023-01-17,11,11
2023-01-17,12,24
2023-01-17,13,21
2023-01-17,14,38
2023-01-17,15,11
2023-01-17,16,15
2023-01-17,17,22
2023-01-17,18,34
2023-01-17,19,24
2023-01-17,20,6
2023-01-17,21,11
2023-01-18,6,31
2023-01-18,7,19
2023-01-18,8,23
2023-01-18,9,38
2023-01-18,10,6
2023-01-18,11,32
2023-01-18,12,6
2023-01-18,13,15
2023-01-18,14,10
2023-01-18,15,27
2023-01-18,16,14
2023-01-18,17,37
2023-01-18,18,23
2023-01-18,19,15
2023-01-18,20,28
2023-01-18,21,32
2023-01-19,6,49
2023-01-19,7,16
2023-01-19,8,32
2023-01-19,9,9
2023-01-19,10,23
2023-01-19,11,12
2023-01-19,12,48
2023-01-19,13,41
2023-01-19,14,32
2023-01-19,15,48
2023-01-19,16,47
2023-01-19,17,9
2023-01-19,18,12
2023-01-19,19,28
2023-01-19,20,24
2023-01-19,21,39
2023-01-20,6,10
2023-01-20,7,9
2023-01-20,8,14
2023-01-20,9,32
2023-01-20,10,16
2023-01-20,11,19
2023-01-20,12,7
2023-01-20,13,27
2023-01-20,14,40
2023-01-20,15,11
2023-01-20,16,5
2023-01-20,17,12
2023-01-20,18,31
2023-01-20,19,26
2023-01-20,20,35
2023-01-20,21,47
2023-01-21,6,43
2023-01-21,7,15
2023-01-21,8,47
2023-01-21,9,25
2023-01-21,10,19
2023-01-21,11,32
2023-01-21,12,42
2023-01-21,13,27
2023-01-21,14,31
2023-01-21,15,23
2023-01-21,16,49
2023-01-21,17,20
2023-01-21,18,16
2023-01-21,19,27
2023-01-21,20,11
2023-01-21,21,34
2023-01-22,6,20
2023-01-22,7,36
2023-01-22,8,45
2023-01-22,9,25
2023-01-22,10,8
2023-01-22,11,11
2023-01-22,12,31
2023-01-22,13,47
2023-01-22,14,10
2023-01-22,15,24
2023-01-22,16,48
2023-01-22,17,48
2023-01-22,18,16
2023-01-22,19,18
2023-01-22,20,46
2023-01-22,21,38
2023-01-23,6,48
2023-01-23,7,21
2023-01-23,8,44
2023-01-23,9,24
2023-01-23,10,6
2023-01-23,11,25
2023-01-23,12,16
2023-01-23,13,17
2023-01-23,14,5
2023-01-23,15,22
2023-01-23,16,18
2023-01-23,17,35
2023-01-23,18,28
2023-01-23,19,16
2023-01-23,20,29
2023-01-23,21,40
2023-01-24,6,18
2023-01-24,7,22
2023-01-24,8,28
2023-01-24,9,30
2023-01-24,10,34
2023-01-24,11,8
2023-01-24,12,44
2023-01-24,13,33
2023-01-24,14,22
2023-01-24,15,8
2023-01-24,16,37
2023-01-24,17,42
2023-01-24,18,49
2023-01-24,19,6
2023-01-24,20,16
2023-01-24,21,26
2023-01-25,6,30
2023-01-25,7,18
2023-01-25,8,13
2023-01-25,9,14
2023-01-25,10,11
2023-01-25,11,45
2023-01-25,12,24
2023-01-25,13,19
2023-01-25,14,47
2023-01-25,15,38
2023-01-25,16,28
2023-01-25,17,6
2023-01-25,18,24
2023-01-25,19,17
2023-01-25,20,29
2023-01-25,21,40
2023-01-26,6,7
2023-01-26,7,16
2023-01-26,8,37
2023-01-26,9,32
2023-01-26,10,15
2023-01-26,11,21
2023-01-26,12,44
2023-01-26,13,18
2023-01-26,14,35
2023-01-26,15,9
2023-01-26,16,6
2023-01-26,17,43
2023-01-26,18,17
2023-01-26,19,24
2023-01-26,20,15
2023-01-26,21,18
2023-01-27,6,46
2023-01-27,7,8
2023-01-27,8,7
2023-01-27,9,15
2023-01-27,10,29
2023-01-27,11,27
2023-01-27,12,21
2023-01-27,13,35
2023-01-27,14,18
2023-01-27,15,22
2023-01-27,16,7
2023-01-27,17,49
2023-01-27,18,39
2023-01-27,19,43
2023-01-27,20,23
2023-01-27,21,27
2023-01-28,6,35
2023-01-28,7,28
2023-01-28,8,21
2023-01-28,9,31
2023-01-28,10,13
2023-01-28,11,36
2023-01-28,12,18
2023-01-28,13,26
2023-01-28,14,44
2023-01-28,15,18
2023-01-28,16,41
2023-01-28,17,18
2023-01-28,18,32
2023-01-28,19,48
2023-01-28,20,44
2023-01-28,21,37
2023-01-29,6,26
2023-01-29,7,44
2023-01-29,8,41
2023-01-29,9,39
2023-01-29,10,49
2023-01-29,11,32
2023-01-29,12,41
2023-01-29,13,7
2023-01-29,14,26
2023-01-29,15,42
2023-01-29,16,43
2023-01-29,17,27
2023-01-29,18,10
2023-01-29,19,18
2023-01-29,20,26
2023-01-29,21,40
2023-01-30,6,24
2023-01-30,7,46
2023-01-30,8,27
2023-01-30,9,17
2023-01-30,10,48
2023-01-30,11,49
2023-01-30,12,13
2023-01-30,13,45
2023-01-30,14,10
2023-01-30,15,32
2023-01-30,16,11
2023-01-30,17,23
2023-01-30,18,35
2023-01-30,19,39
2023-01-30,20,33
2023-01-30,21,48
2023-01-31,6,37
2023-01-31,7,47
2023-01-31,8,26
2023-01-31,9,7
2023-01-31,10,17
2023-01-31,11,44
2023-01-31,12,17
2023-01-31,13,44
2023-01-31,14,44
2023-01-31,15,17
2023-01-31,16,16
2023-01-31,17,9
2023-01-31,18,17
2023-01-31,19,16
2023-01-31,20,14
2023-01-31,21,19
2023-02-01,6,6
2023-02-01,7,42
2023-02-01,8,20
2023-02-01,9,37
2023-02-01,10,38
2023-02-01,11,29
2023-02-01,12,30
2023-02-01,13,44
2023-02-01,14,18
2023-02-01,15,46
2023-02-01,16,19
2023-02-01,17,39
2023-02-01,18,42
2023-02-01,19,35
2023-02-01,20,38
2023-02-01,21,13
2023-02-02,6,11
2023-02-02,7,42
2023-02-02,8,5
2023-02-02,9,27
2023-02-02,10,18
2023-02-02,11,29
2023-02-02,12,12
2023-02-02,13,44
2023-02-02,14,10
2023-02-02,15,19
2023-02-02,16,24
2023-02-02,17,21
2023-02-02,18,36
2023-02-02,19,10
2023-02-02,20,43
2023-02-02,21,32
2023-02-03,6,14
2023-02-03,7,13
2023-02-03,8,41
2023-02-03,9,38
2023-02-03,10,17
2023-02-03,11,15
2023-02-03,12,15
2023-02-03,13,34
2023-02-03,14,32
2023-02-03,15,27
2023-02-03,16,19
2023-02-03,17,15
2023-02-03,18,17
2023-02-03,19,32
2023-02-03,20,11
2023-02-03,21,35
2023-02-04,6,47
2023-02-04,7,26
2023-02-04,8,42
2023-02-04,9,18
2023-02-04,10,10
2023-02-04,11,35
2023-02-04,12,7
2023-02-04,13,21
2023-02-04,14,24
2023-02-04,15,11
2023-02-04,16,21
2023-02-04,17,46
2023-02-04,18,30
2023-02-04,19,31
2023-02-04,20,17
2023-02-04,21,44
2023-02-05,6,9
2023-02-05,7,5
2023-02-05,8,21
2023-02-05,9,41
2023-02-05,10,20
2023-02-05,11,22
2023-02-05,12,32
2023-02-05,13,7
2023-02-05,14,22
2023-02-05,15,45
2023-02-05,16,34
2023-02-05,17,36
2023-02-05,18,18
2023-02-05,19,21
2023-02-05,20,23
2023-02-05,21,12
2023-02-06,6,8
2023-02-06,7,28
2023-02-06,8,33
2023-02-06,9,15
2023-02-06,10,16
2023-02-06,11,18
2023-02-06,12,11
2023-02-06,13,7
2023-02-06,14,36
2023-02-06,15,15
2023-02-06,16,6
2023-02-06,17,21
2023-02-06,18,46
2023-02-06,19,27
2023-02-06,20,37
2023-02-06,21,26
2023-02-07,6,49
2023-02-07,7,18
2023-02-07,8,46
2023-02-07,9,24
2023-02-07,10,21
2023-02-07,11,49
2023-02-07,12,12
2023-02-07,13,11
2023-02-07,14,41
2023-02-07,15,40
2023-02-07,16,8
2023-02-07,17,34
2023-02-07,18,25
2023-02-07,19,47
2023-02-07,20,46
2023-02-07,21,31
2023-02-08,6,7
2023-02-08,7,35
2023-02-08,8,20
2023-02-08,9,17
2023-02-08,10,11
2023-02-08,11,15
2023-02-08,12,38
2023-02-08,13,46
2023-02-08,14,15
2023-02-08,15,36
2023-02-08,16,49
2023-02-08,17,37
2023-02-08,18,33
2023-02-08,19,35
2023-02-08,20,31
2023-02-08,21,43
2023-02-09,6,43
2023-02-09,7,6
2023-02-09,8,12
2023-02-09,9,47
2023-02-09,10,16
2023-02-09,11,24
2023-02-09,12,44
2023-02-09,13,9
2023-02-09,14,44
2023-02-09,15,17
2023-02-09,16,5
2023-02-09,17,37
2023-02-09,18,13
2023-02-09,19,43
2023-02-09,20,45
2023-02-09,21,38
2023-02-10,6,12
2023-02-10,7,37
2023-02-10,8,40
2023-02-10,9,16
2023-02-10,10,40
2023-02-10,11,23
2023-02-10,12,43
2023-02-10,13,25
2023-02-10,14,37
2023-02-10,15,47
2023-02-10,16,8
2023-02-10,17,8
2023-02-10,18,48
2023-02-10,19,15
2023-02-10,20,30
2023-02-10,21,9
2023-02-11,6,34
2023-02-11,7,6
2023-02-11,8,28
2023-02-11,9,45
2023-02-11,10,20
2023-02-11,11,22
2023-02-11,12,16
2023-02-11,13,30
2023-02-11,14,16
2023-02-11,15,30
2023-02-11,16,8
2023-02-11,17,31
2023-02-11,18,27
2023-02-11,19,25
2023-02-11,20,41
2023-02-11,21,38
2023-02-12,6,49
2023-02-12,7,15
2023-02-12,8,7
2023-02-12,9,10
2023-02-12,10,18
2023-02-12,11,10
2023-02-12,12,17
2023-02-12,13,33
2023-02-12,14,37
2023-02-12,15,21
2023-02-12,16,15
2023-02-12,17,6
2023-02-12,18,38
2023-02-12,19,35
2023-02-12,20,20
2023-02-12,21,48
2023-02-13,6,45
2023-02-13,7,41
2023-02-13,8,26
2023-02-13,9,39
2023-02-13,10,11
2023-02-13,11,19
2023-02-13,12,8
2023-02-13,13,28
2023-02-13,14,17
2023-02-13,15,33
2023-02-13,16,20
2023-02-13,17,5
2023-02-13,18,38
2023-02-13,19,38
2023-02-13,20,20
2023-02-13,21,36
2023-02-14,6,44
2023-02-14,7,37
2023-02-14,8,19
2023-02-14,9,21
2023-02-14,10,21
2023-02-14,11,39
2023-02-14,12,33
2023-02-14,13,16
2023-02-14,14,41
2023-02-14,15,17
2023-02-14,16,25
2023-02-14,17,43
2023-02-14,18,5
2023-02-14,19,17
2023-02-14,20,47
2023-02-14,21,28
2023-02-15,6,28
2023-02-15,7,17
2023-02-15,8,40
2023-02-15,9,9
2023-02-15,10,18
2023-02-15,11,20
2023-02-15,12,10
2023-02-15,13,6
2023-02-15,14,49
2023-02-15,15,8
2023-02-15,16,20
2023-02-15,17,40
2023-02-15,18,25
2023-02-15,19,21
2023-02-15,20,7
2023-02-15,21,28
2023-02-16,6,10
2023-02-16,7,23
2023-02-16,8,38
2023-02-16,9,26
2023-02-16,10,7
2023-02-16,11,43
2023-02-16,12,27
2023-02-16,13,15
2023-02-16,14,36
2023-02-16,15,34
2023-02-16,16,40
2023-02-16,17,7
2023-02-16,18,44
2023-02-16,19,44
2023-02-16,20,40
2023-02-16,21,20
2023-02-17,6,36
2023-02-17,7,40
2023-02-17,8,42
2023-02-17,9,26
2023-02-17,10,42
2023-02-17,11,16
2023-02-17,12,44
2023-02-17,13,18
2023-02-17,14,11
2023-02-17,15,6
2023-02-17,16,44
2023-02-17,17,15
2023-02-17,18,14
2023-02-17,19,43
2023-02-17,20,10
2023-02-17,21,13
2023-02-18,6,23
2023-02-18,7,29
2023-02-18,8,9
2023-02-18,9,9
2023-02-18,10,7
2023-02-18,11,8
2023-02-18,12,16
2023-02-18,13,30
2023-02-18,14,10
2023-02-18,15,14
2023-02-18,16,31
2023-02-18,17,44
2023-02-18,18,27
2023-02-18,19,42
2023-02-18,20,34
2023-02-18,21,41
2023-02-19,6,46
2023-02-19,7,29
2023-02-19,8,48
2023-02-19,9,18
2023-02-19,10,7
2023-02-19,11,8
2023-02-19,12,40
2023-02-19,13,29
2023-02-19,14,12
2023-02-19,15,29
2023-02-19,16,40
2023-02-19,17,34
2023-02-19,18,19
2023-02-19,19,49
2023-02-19,20,41
2023-02-19,21,9
2023-02-20,6,22
2023-02-20,7,36
2023-02-20,8,46
2023-02-20,9,11
2023-02-20,10,46
2023-02-20,11,8
2023-02-20,12,45
2023-02-20,13,49
2023-02-20,14,35
2023-02-20,15,20
2023-02-20,16,49
2023-02-20,17,7
2023-02-20,18,7
2023-02-20,19,7
2023-02-20,20,33
2023-02-20,21,23
2023-02-21,6,8
2023-02-21,7,39
2023-02-21,8,20
2023-02-21,9,30
2023-02-21,10,42
2023-02-21,11,8
2023-02-21,12,38
2023-02-21,13,25
2023-02-21,14,45
2023-02-21,15,29
2023-02-21,16,7
2023-02-21,17,49
2023-02-21,18,22
2023-02-21,19,29
2023-02-21,20,36
2023-02-21,21,24
2023-02-22,6,19
2023-02-22,7,6
2023-02-22,8,34
2023-02-22,9,16
2023-02-22,10,43
2023-02-22,11,47
2023-02-22,12,11
2023-02-22,13,26
2023-02-22,14,12
2023-02-22,15,27
2023-02-22,16,27
2023-02-22,17,16
2023-02-22,18,10
2023-02-22,19,18
2023-02-22,20,32
2023-02-22,21,9
2023-02-23,6,8
2023-02-23,7,29
2023-02-23,8,31
2023-02-23,9,8
2023-02-23,10,33
2023-02-23,11,45
2023-02-23,12,31
2023-02-23,13,11
2023-02-23,14,36
2023-02-23,15,24
2023-02-23,16,47
2023-02-23,17,40
2023-02-23,18,34
2023-02-23,19,33
2023-02-23,20,32
2023-02-23,21,44
2023-02-24,6,7
2023-02-24,7,31
2023-02-24,8,25
2023-02-24,9,41
2023-02-24,10,39
2023-02-24,11,24
2023-02-24,12,13
2023-02-24,13,39
2023-02-24,14,14
2023-02-24,15,25
2023-02-24,16,47
2023-02-24,17,45
2023-02-24,18,47
2023-02-24,19,28
2023-02-24,20,43
2023-02-24,21,5
2023-02-25,6,47
2023-02-25,7,35
2023-02-25,8,27
2023-02-25,9,22
2023-02-25,10,31
2023-02-25,11,45
2023-02-25,12,48
2023-02-25,13,16
2023-02-25,14,39
2023-02-25,15,45
2023-02-25,16,20
2023-02-25,17,25
2023-02-25,18,31
2023-02-25,19,40
2023-02-25,20,17
2023-02-25,21,12
2023-02-26,6,12
2023-02-26,7,20
2023-02-26,8,27
2023-02-26,9,49
2023-02-26,10,38
2023-02-26,11,28
2023-02-26,12,25
2023-02-26,13,17
2023-02-26,14,8
2023-02-26,15,33
2023-02-26,16,8
2023-02-26,17,25
2023-02-26,18,38
2023-02-26,19,13
2023-02-26,20,29
2023-02-26,21,45
2023-02-27,6,25
2023-02-27,7,8
2023-02-27,8,20
2023-02-27,9,29
2023-02-27,10,44
2023-02-27,11,11
2023-02-27,12,49
2023-02-27,13,9
2023-02-27,14,44
2023-02-27,15,25
2023-02-27,16,38
2023-02-27,17,26
2023-02-27,18,31
2023-02-27,19,14
2023-02-27,20,45
2023-02-27,21,19
2023-02-28,6,7
2023-02-28,7,17
2023-02-28,8,30
2023-02-28,9,5
2023-02-28,10,13
2023-02-28,11,43
2023-02-28,12,30
2023-02-28,13,22
2023-02-28,14,12
2023-02-28,15,19
2023-02-28,16,26
2023-02-28,17,42
2023-02-28,18,8
2023-02-28,19,25
2023-02-28,20,20
2023-02-28,21,29
2023-03-01,6,27
2023-03-01,7,21
2023-03-01,8,36
2023-03-01,9,6
2023-03-01,10,5
2023-03-01,11,13
2023-03-01,12,49
2023-03-01,13,30
2023-03-01,14,39
2023-03-01,15,10
2023-03-01,16,45
2023-03-01,17,13
2023-03-01,18,24
2023-03-01,19,30
2023-03-01,20,45
2023-03-01,21,38
2023-03-02,6,14
2023-03-02,7,46
2023-03-02,8,34
2023-03-02,9,8
2023-03-02,10,43
2023-03-02,11,38
2023-03-02,12,13
2023-03-02,13,9
2023-03-02,14,46
2023-03-02,15,13
2023-03-02,16,29
2023-03-02,17,44
2023-03-02,18,7
2023-03-02,19,29
2023-03-02,20,22
2023-03-02,21,15
2023-03-03,6,27
2023-03-03,7,38
2023-03-03,8,38
2023-03-03,9,28
2023-03-03,10,6
2023-03-03,11,17
2023-03-03,12,24
2023-03-03,13,11
2023-03-03,14,13
2023-03-03,15,38
2023-03-03,16,5
2023-03-03,17,12
2023-03-03,18,45
2023-03-03,19,5
2023-03-03,20,29
2023-03-03,21,33
2023-03-04,6,21
2023-03-04,7,11
2023-03-04,8,39
2023-03-04,9,20
2023-03-04,10,25
2023-03-04,11,6
2023-03-04,12,30
2023-03-04,13,9
2023-03-04,14,9
2023-03-04,15,13
2023-03-04,16,22
2023-03-04,17,23
2023-03-04,18,10
2023-03-04,19,31
2023-03-04,20,35
2023-03-04,21,25
2023-03-05,6,18
2023-03-05,7,20
2023-03-05,8,6
2023-03-05,9,22
2023-03-05,10,22
2023-03-05,11,39
2023-03-05,12,18
2023-03-05,13,22
2023-03-05,14,23
2023-03-05,15,29
2023-03-05,16,39
2023-03-05,17,11
2023-03-05,18,7
2023-03-05,19,42
2023-03-05,20,16
2023-03-05,21,20
2023-03-06,6,24
2023-03-06,7,9
2023-03-06,8,35
2023-03-06,9,28
2023-03-06,10,47
2023-03-06,11,49
2023-03-06,12,48
2023-03-06,13,28
2023-03-06,14,20
2023-03-06,15,43
2023-03-06,16,32
2023-03-06,17,9
2023-03-06,18,17
2023-03-06,19,19
2023-03-06,20,45
2023-03-06,21,8
2023-03-07,6,18
2023-03-07,7,31
2023-03-07,8,14
2023-03-07,9,27
2023-03-07,10,41
2023-03-07,11,32
2023-03-07,12,48
2023-03-07,13,17
2023-03-07,14,40
2023-03-07,15,36
2023-03-07,16,49
2023-03-07,17,41
2023-03-07,18,5
2023-03-07,19,8
2023-03-07,20,5
2023-03-07,21,22
2023-03-08,6,17
2023-03-08,7,29
2023-03-08,8,25
2023-03-08,9,19
2023-03-08,10,45
2023-03-08,11,45
2023-03-08,12,14
2023-03-08,13,39
2023-03-08,14,8
2023-03-08,15,9
2023-03-08,16,48
2023-03-08,17,42
2023-03-08,18,42
2023-03-08,19,28
2023-03-08,20,28
2023-03-08,21,44
2023-03-09,6,23
2023-03-09,7,24
2023-03-09,8,32
2023-03-09,9,47
2023-03-09,10,15
2023-03-09,11,27
2023-03-09,12,19
2023-03-09,13,25
2023-03-09,14,40
2023-03-09,15,17
2023-03-09,16,36
2023-03-09,17,14
2023-03-09,18,41
2023-03-09,19,36
2023-03-09,20,24
2023-03-09,21,43
2023-03-10,6,20
2023-03-10,7,43
2023-03-10,8,9
2023-03-10,9,21
2023-03-10,10,40
2023-03-10,11,30
2023-03-10,12,8
2023-03-10,13,42
2023-03-10,14,30
2023-03-10,15,24
2023-03-10,16,17
2023-03-10,17,11
2023-03-10,18,28
2023-03-10,19,7
2023-03-10,20,7
2023-03-10,21,20
2023-03-11,6,35
2023-03-11,7,37
2023-03-11,8,18
2023-03-11,9,29
2023-03-11,10,6
2023-03-11,11,45
2023-03-11,12,17
2023-03-11,13,22
2023-03-11,14,24
2023-03-11,15,6
2023-03-11,16,11
2023-03-11,17,17
2023-03-11,18,12
2023-03-11,19,7
2023-03-11,20,18
2023-03-11,21,27
2023-03-12,6,12
2023-03-12,7,37
2023-03-12,8,31
2023-03-12,9,15
2023-03-12,10,37
2023-03-12,11,15
2023-03-12,12,42
2023-03-12,13,47
2023-03-12,14,22
2023-03-12,15,32
2023-03-12,16,45
2023-03-12,17,30
2023-03-12,18,34
2023-03-12,19,49
2023-03-12,20,14
2023-03-12,21,46
2023-03-13,6,7
2023-03-13,7,36
2023-03-13,8,40
2023-03-13,9,14
2023-03-13,10,25
2023-03-13,11,11
2023-03-13,12,29
2023-03-13,13,38
2023-03-13,14,29
2023-03-13,15,13
2023-03-13,16,12
2023-03-13,17,39
2023-03-13,18,48
2023-03-13,19,32
2023-03-13,20,14
2023-03-13,21,18
2023-03-14,6,33
2023-03-14,7,5
2023-03-14,8,23
2023-03-14,9,18
2023-03-14,10,24
2023-03-14,11,42
2023-03-14,12,40
2023-03-14,13,45
2023-03-14,14,12
2023-03-14,15,42
2023-03-14,16,46
2023-03-14,17,28
2023-03-14,18,11
2023-03-14,19,47
2023-03-14,20,9
2023-03-14,21,18
2023-03-15,6,13
2023-03-15,7,24
2023-03-15,8,30
2023-03-15,9,29
2023-03-15,10,24
2023-03-15,11,10
2023-03-15,12,11
2023-03-15,13,40
2023-03-15,14,40
2023-03-15,15,24
2023-03-15,16,22
2023-03-15,17,12
2023-03-15,18,31
2023-03-15,19,9
2023-03-15,20,35
2023-03-15,21,45
2023-03-16,6,25
2023-03-16,7,7
2023-03-16,8,30
2023-03-16,9,21
2023-03-16,10,34
2023-03-16,11,27
2023-03-16,12,29
2023-03-16,13,8
2023-03-16,14,45
2023-03-16,15,15
2023-03-16,16,45
2023-03-16,17,42
2023-03-16,18,22
2023-03-16,19,37
2023-03-16,20,40
2023-03-16,21,42
2023-03-17,6,22
2023-03-17,7,20
2023-03-17,8,26
2023-03-17,9,25
2023-03-17,10,48
2023-03-17,11,35
2023-03-17,12,35
2023-03-17,13,31
2023-03-17,14,45
2023-03-17,15,41
2023-03-17,16,7
2023-03-17,17,35
2023-03-17,18,38
2023-03-17,19,30
2023-03-17,20,28
2023-03-17,21,14
2023-03-18,6,33
2023-03-18,7,42
2023-03-18,8,17
2023-03-18,9,41
2023-03-18,10,43
2023-03-18,11,10
2023-03-18,12,18
2023-03-18,13,34
2023-03-18,14,43
2023-03-18,15,8
2023-03-18,16,49
2023-03-18,17,32
2023-03-18,18,43
2023-03-18,19,14
2023-03-18,20,30
2023-03-18,21,38
2023-03-19,6,33
2023-03-19,7,12
2023-03-19,8,43
2023-03-19,9,22
2023-03-19,10,13
2023-03-19,11,26
2023-03-19,12,22
2023-03-19,13,41
2023-03-19,14,37
2023-03-19,15,49
2023-03-19,16,6
2023-03-19,17,30
2023-03-19,18,21
2023-03-19,19,8
2023-03-19,20,13
2023-03-19,21,14
2023-03-20,6,9
2023-03-20,7,42
2023-03-20,8,44
2023-03-20,9,26
2023-03-20,10,45
2023-03-20,11,23
2023-03-20,12,41
2023-03-20,13,37
2023-03-20,14,10
2023-03-20,15,27
2023-03-20,16,18
2023-03-20,17,35
2023-03-20,18,37
2023-03-20,19,21
2023-03-20,20,5
2023-03-20,21,16
2023-03-21,6,7
2023-03-21,7,49
2023-03-21,8,40
2023-03-21,9,28
2023-03-21,10,45
2023-03-21,11,18
2023-03-21,12,41
2023-03-21,13,32
2023-03-21,14,31
2023-03-21,15,24
2023-03-21,16,19
2023-03-21,17,46
2023-03-21,18,29
2023-03-21,19,48
2023-03-21,20,10
2023-03-21,21,18
2023-03-22,6,43
2023-03-22,7,46
2023-03-22,8,34
2023-03-22,9,32
2023-03-22,10,35
2023-03-22,11,13
2023-03-22,12,6
2023-03-22,13,49
2023-03-22,14,5
2023-03-22,15,6
2023-03-22,16,32
2023-03-22,17,40
2023-03-22,18,27
2023-03-22,19,24
2023-03-22,20,37
2023-03-22,21,34
2023-03-23,6,42
2023-03-23,7,29
2023-03-23,8,20
2023-03-23,9,42
2023-03-23,10,43
2023-03-23,11,11
2023-03-23,12,48
2023-03-23,13,37
2023-03-23,14,38
2023-03-23,15,21
2023-03-23,16,44
2023-03-23,17,8
2023-03-23,18,17
2023-03-23,19,30
2023-03-23,20,17
2023-03-23,21,36
2023-03-24,6,47
2023-03-24,7,16
2023-03-24,8,18
2023-03-24,9,25
2023-03-24,10,37
2023-03-24,11,45
2023-03-24,12,7
2023-03-24,13,11
2023-03-24,14,19
2023-03-24,15,11
2023-03-24,16,47
2023-03-24,17,30
2023-03-24,18,30
2023-03-24,19,16
2023-03-24,20,44
2023-03-24,21,49
2023-03-25,6,6
2023-03-25,7,44
2023-03-25,8,19
2023-03-25,9,48
2023-03-25,10,35
2023-03-25,11,41
2023-03-25,12,38
2023-03-25,13,16
2023-03-25,14,10
2023-03-25,15,44
2023-03-25,16,36
2023-03-25,17,40
2023-03-25,18,14
2023-03-25,19,20
2023-03-25,20,29
2023-03-25,21,34
2023-03-26,6,44
2023-03-26,7,33
2023-03-26,8,27
2023-03-26,9,43
2023-03-26,10,48
2023-03-26,11,11
2023-03-26,12,18
2023-03-26,13,41
2023-03-26,14,6
2023-03-26,15,41
2023-03-26,16,9
2023-03-26,17,42
2023-03-26,18,26
2023-03-26,19,10
2023-03-26,20,49
2023-03-26,21,11
2023-03-27,6,40
2023-03-27,7,9
2023-03-27,8,30
2023-03-27,9,32
2023-03-27,10,27
2023-03-27,11,6
2023-03-27,12,44
2023-03-27,13,25
2023-03-27,14,6
2023-03-27,15,6
2023-03-27,16,22
2023-03-27,17,43
2023-03-27,18,31
2023-03-27,19,9
2023-03-27,20,13
2023-03-27,21,18
2023-03-28,6,8
2023-03-28,7,5
2023-03-28,8,44
2023-03-28,9,26
2023-03-28,10,19
2023-03-28,11,29
2023-03-28,12,36
2023-03-28,13,35
2023-03-28,14,46
2023-03-28,15,27
2023-03-28,16,21
2023-03-28,17,38
2023-03-28,18,9
2023-03-28,19,46
2023-03-28,20,34
2023-03-28,21,49
2023-03-29,6,34
2023-03-29,7,18
2023-03-29,8,29
2023-03-29,9,7
2023-03-29,10,42
2023-03-29,11,24
2023-03-29,12,27
2023-03-29,13,27
2023-03-29,14,25
2023-03-29,15,48
2023-03-29,16,9
2023-03-29,17,13
2023-03-29,18,43
2023-03-29,19,26
2023-03-29,20,23
2023-03-29,21,9
2023-03-30,6,8
2023-03-30,7,25
2023-03-30,8,22
2023-03-30,9,9
2023-03-30,10,43
2023-03-30,11,17
2023-03-30,12,30
2023-03-30,13,20
2023-03-30,14,15
2023-03-30,15,7
2023-03-30,16,8
2023-03-30,17,13
2023-03-30,18,34
2023-03-30,19,49
2023-03-30,20,16
2023-03-30,21,17
2023-03-31,6,25
2023-03-31,7,47
2023-03-31,8,46
2023-03-31,9,25
2023-03-31,10,31
2023-03-31,11,9
2023-03-31,12,21
2023-03-31,13,25
2023-03-31,14,5
2023-03-31,15,20
2023-03-31,16,44
2023-03-31,17,26
2023-03-31,18,27
2023-03-31,19,24
2023-03-31,20,12
2023-03-31,21,45
2023-04-01,6,42
2023-04-01,7,34
2023-04-01,8,6
2023-04-01,9,36
2023-04-01,10,23
2023-04-01,11,17
2023-04-01,12,46
2023-04-01,13,28
2023-04-01,14,14
2023-04-01,15,9
2023-04-01,16,31
2023-04-01,17,29
2023-04-01,18,11
2023-04-01,19,49
2023-04-01,20,31
2023-04-01,21,25
2023-04-02,6,47
2023-04-02,7,32
2023-04-02,8,25
2023-04-02,9,38
2023-04-02,10,25
2023-04-02,11,31
2023-04-02,12,19
2023-04-02,13,9
2023-04-02,14,21
2023-04-02,15,12
2023-04-02,16,28
2023-04-02,17,22
2023-04-02,18,46
2023-04-02,19,9
2023-04-02,20,20
2023-04-02,21,25
2023-04-03,6,16
2023-04-03,7,21
2023-04-03,8,48
2023-04-03,9,37
2023-04-03,10,15
2023-04-03,11,44
2023-04-03,12,41
2023-04-03,13,44
2023-04-03,14,15
2023-04-03,15,32
2023-04-03,16,47
2023-04-03,17,34
2023-04-03,18,18
2023-04-03,19,47
2023-04-03,20,25
2023-04-03,21,36
2023-04-04,6,31
2023-04-04,7,38
2023-04-04,8,12
2023-04-04,9,47
2023-04-04,10,37
2023-04-04,11,41
2023-04-04,12,25
2023-04-04,13,33
2023-04-04,14,20
2023-04-04,15,8
2023-04-04,16,48
2023-04-04,17,29
2023-04-04,18,9
2023-04-04,19,23
2023-04-04,20,47
2023-04-04,21,43
2023-04-05,6,10
2023-04-05,7,34
2023-04-05,8,32
2023-04-05,9,17
2023-04-05,10,7
2023-04-05,11,39
2023-04-05,12,8
2023-04-05,13,14
2023-04-05,14,10
2023-04-05,15,5
2023-04-05,16,5
2023-04-05,17,11
2023-04-05,18,20
2023-04-05,19,28
2023-04-05,20,8
2023-04-05,21,20
2023-04-06,6,11
2023-04-06,7,29
2023-04-06,8,19
2023-04-06,9,13
2023-04-06,10,15
2023-04-06,11,11
2023-04-06,12,43
2023-04-06,13,27
2023-04-06,14,7
2023-04-06,15,11
2023-04-06,16,7
2023-04-06,17,16
2023-04-06,18,7
2023-04-06,19,11
2023-04-06,20,27
2023-04-06,21,42
2023-04-07,6,19
2023-04-07,7,27
2023-04-07,8,46
2023-04-07,9,9
2023-04-07,10,45
2023-04-07,11,33
2023-04-07,12,23
2023-04-07,13,28
2023-04-07,14,27
2023-04-07,15,32
2023-04-07,16,21
2023-04-07,17,13
2023-04-07,18,21
2023-04-07,19,5
2023-04-07,20,44
2023-04-07,21,13
2023-04-08,6,44
2023-04-08,7,10
2023-04-08,8,19
2023-04-08,9,10
2023-04-08,10,22
2023-04-08,11,28
2023-04-08,12,42
2023-04-08,13,34
2023-04-08,14,23
2023-04-08,15,32
2023-04-08,16,27
2023-04-08,17,28
2023-04-08,18,31
2023-04-08,19,17
2023-04-08,20,15
2023-04-08,21,19
2023-04-09,6,34
2023-04-09,7,10
2023-04-09,8,29
2023-04-09,9,35
2023-04-09,10,15
2023-04-09,11,8
2023-04-09,12,19
2023-04-09,13,28
2023-04-09,14,18
2023-04-09,15,28
2023-04-09,16,27
2023-04-09,17,9
2023-04-09,18,30
2023-04-09,19,34
2023-04-09,20,46
2023-04-09,21,42
2023-04-10,6,7
2023-04-10,7,22
2023-04-10,8,26
2023-04-10,9,32
2023-04-10,10,34
2023-04-10,11,6
2023-04-10,12,13
2023-04-10,13,5
2023-04-10,14,40
2023-04-10,15,25
2023-04-10,16,32
2023-04-10,17,40
2023-04-10,18,36
2023-04-10,19,10
2023-04-10,20,27
2023-04-10,21,10
2023-04-11,6,26
2023-04-11,7,35
2023-04-11,8,23
2023-04-11,9,12
2023-04-11,10,12
2023-04-11,11,24
2023-04-11,12,28
2023-04-11,13,17
2023-04-11,14,45
2023-04-11,15,11
2023-04-11,16,12
2023-04-11,17,31
2023-04-11,18,47
2023-04-11,19,7
2023-04-11,20,21
2023-04-11,21,9
2023-04-12,6,42
2023-04-12,7,13
2023-04-12,8,10
2023-04-12,9,12
2023-04-12,10,48
2023-04-12,11,30
2023-04-12,12,24
2023-04-12,13,30
2023-04-12,14,7
2023-04-12,15,29
2023-04-12,16,19
2023-04-12,17,15
2023-04-12,18,36
2023-04-12,19,36
2023-04-12,20,10
2023-04-12,21,6
2023-04-13,6,27
2023-04-13,7,33
2023-04-13,8,11
2023-04-13,9,34
2023-04-13,10,20
2023-04-13,11,5
2023-04-13,12,17
2023-04-13,13,40
2023-04-13,14,5
2023-04-13,15,26
2023-04-13,16,41
2023-04-13,17,33
2023-04-13,18,20
2023-04-13,19,48
2023-04-13,20,13
2023-04-13,21,29
2023-04-14,6,42
2023-04-14,7,26
2023-04-14,8,45
2023-04-14,9,6
2023-04-14,10,5
2023-04-14,11,14
2023-04-14,12,39
2023-04-14,13,28
2023-04-14,14,28
2023-04-14,15,48
2023-04-14,16,14
2023-04-14,17,42
2023-04-14,18,24
2023-04-14,19,16
2023-04-14,20,27
2023-04-14,21,27
2023-04-15,6,13
2023-04-15,7,8
2023-04-15,8,33
2023-04-15,9,31
2023-04-15,10,33
2023-04-15,11,8
2023-04-15,12,6
2023-04-15,13,11
2023-04-15,14,47
2023-04-15,15,46
2023-04-15,16,38
2023-04-15,17,16
2023-04-15,18,31
2023-04-15,19,26
2023-04-15,20,19
2023-04-15,21,47
2023-04-16,6,14
2023-04-16,7,39
2023-04-16,8,44
2023-04-16,9,24
2023-04-16,10,36
2023-04-16,11,24
2023-04-16,12,9
2023-04-16,13,33
2023-04-16,14,31
2023-04-16,15,30
2023-04-16,16,15
2023-04-16,17,33
2023-04-16,18,48
2023-04-16,19,24
2023-04-16,20,47
2023-04-16,21,10
2023-04-17,6,12
2023-04-17,7,49
2023-04-17,8,6
2023-04-17,9,31
2023-04-17,10,42
2023-04-17,11,24
2023-04-17,12,34
2023-04-17,13,33
2023-04-17,14,6
2023-04-17,15,19
2023-04-17,16,37
2023-04-17,17,15
2023-04-17,18,44
2023-04-17,19,28
2023-04-17,20,45
2023-04-17,21,19
2023-04-18,6,9
2023-04-18,7,13
2023-04-18,8,8
2023-04-18,9,31
2023-04-18,10,46
2023-04-18,11,8
2023-04-18,12,41
2023-04-18,13,17
2023-04-18,14,25
2023-04-18,15,15
2023-04-18,16,16
2023-04-18,17,18
2023-04-18,18,49
2023-04-18,19,40
2023-04-18,20,17
2023-04-18,21,9
2023-04-19,6,25
2023-04-19,7,13
2023-04-19,8,37
2023-04-19,9,48
2023-04-19,10,21
2023-04-19,11,31
2023-04-19,12,5
2023-04-19,13,9
2023-04-19,14,16
2023-04-19,15,29
2023-04-19,16,29
2023-04-19,17,16
2023-04-19,18,15
2023-04-19,19,34
2023-04-19,20,31
2023-04-19,21,21
2023-04-20,6,34
2023-04-20,7,7
2023-04-20,8,15
2023-04-20,9,37
2023-04-20,10,13
2023-04-20,11,22
2023-04-20,12,5
2023-04-20,13,10
2023-04-20,14,38
2023-04-20,15,9
2023-04-20,16,7
2023-04-20,17,30
2023-04-20,18,41
2023-04-20,19,44
2023-04-20,20,10
2023-04-20,21,15
2023-04-21,6,15
2023-04-21,7,47
2023-04-21,8,44
2023-04-21,9,42
2023-04-21,10,20
2023-04-21,11,24
2023-04-21,12,24
2023-04-21,13,30
2023-04-21,14,39
2023-04-21,15,44
2023-04-21,16,49
2023-04-21,17,46
2023-04-21,18,29
2023-04-21,19,34
2023-04-21,20,44
2023-04-21,21,29
2023-04-22,6,14
2023-04-22,7,49
2023-04-22,8,39
2023-04-22,9,31
2023-04-22,10,8
2023-04-22,11,20
2023-04-22,12,33
2023-04-22,13,39
2023-04-22,14,25
2023-04-22,15,45
2023-04-22,16,35
2023-04-22,17,23
2023-04-22,18,48
2023-04-22,19,42
2023-04-22,20,36
2023-04-22,21,8
2023-04-23,6,18
2023-04-23,7,5
2023-04-23,8,44
2023-04-23,9,23
2023-04-23,10,36
2023-04-23,11,12
2023-04-23,12,9
2023-04-23,13,12
2023-04-23,14,10
2023-04-23,15,39
2023-04-23,16,15
2023-04-23,17,17
2023-04-23,18,29
2023-04-23,19,33
2023-04-23,20,24
2023-04-23,21,39
2023-04-24,6,30
2023-04-24,7,24
2023-04-24,8,43
2023-04-24,9,47
2023-04-24,10,45
2023-04-24,11,48
2023-04-24,12,48
2023-04-24,13,10
2023-04-24,14,21
2023-04-24,15,31
2023-04-24,16,45
2023-04-24,17,47
2023-04-24,18,23
2023-04-24,19,46
2023-04-24,20,36
2023-04-24,21,47
2023-04-25,6,27
2023-04-25,7,42
2023-04-25,8,45
2023-04-25,9,35
2023-04-25,10,20
2023-04-25,11,7
2023-04-25,12,20
2023-04-25,13,20
2023-04-25,14,8
2023-04-25,15,9
2023-04-25,16,32
2023-04-25,17,27
2023-04-25,18,46
2023-04-25,19,23
2023-04-25,20,29
2023-04-25,21,23
2023-04-26,6,7
2023-04-26,7,12
2023-04-26,8,30
2023-04-26,9,35
2023-04-26,10,23
2023-04-26,11,21
2023-04-26,12,5
2023-04-26,13,17
2023-04-26,14,47
2023-04-26,15,16
2023-04-26,16,36
2023-04-26,17,28
2023-04-26,18,38
2023-04-26,19,28
2023-04-26,20,46
2023-04-26,21,13
2023-04-27,6,8
2023-04-27,7,29
2023-04-27,8,40
2023-04-27,9,28
2023-04-27,10,27
2023-04-27,11,43
2023-04-27,12,19
2023-04-27,13,29
2023-04-27,14,47
2023-04-27,15,14
2023-04-27,16,14
2023-04-27,17,10
2023-04-27,18,9
2023-04-27,19,33
2023-04-27,20,24
2023-04-27,21,5
2023-04-28,6,26
2023-04-28,7,27
2023-04-28,8,30
2023-04-28,9,18
2023-04-28,10,40
2023-04-28,11,16
2023-04-28,12,19
2023-04-28,13,20
2023-04-28,14,19
2023-04-28,15,12
2023-04-28,16,48
2023-04-28,17,18
2023-04-28,18,6
2023-04-28,19,16
2023-04-28,20,28
2023-04-28,21,6
2023-04-29,6,22
2023-04-29,7,8
2023-04-29,8,32
2023-04-29,9,29
2023-04-29,10,45
2023-04-29,11,44
2023-04-29,12,11
2023-04-29,13,49
2023-04-29,14,16
2023-04-29,15,48
2023-04-29,16,49
2023-04-29,17,23
2023-04-29,18,8
2023-04-29,19,6
2023-04-29,20,28
2023-04-29,21,49
2023-04-30,6,15
2023-04-30,7,28
2023-04-30,8,43
2023-04-30,9,13
2023-04-30,10,11
2023-04-30,11,33
2023-04-30,12,39
2023-04-30,13,28
2023-04-30,14,7
2023-04-30,15,5
2023-04-30,16,37
2023-04-30,17,38
2023-04-30,18,47
2023-04-30,19,14
2023-04-30,20,19
2023-04-30,21,15
2023-05-01,6,44
2023-05-01,7,37
2023-05-01,8,36
2023-05-01,9,42
2023-05-01,10,24
2023-05-01,11,36
2023-05-01,12,12
2023-05-01,13,21
2023-05-01,14,40
2023-05-01,15,6
2023-05-01,16,38
2023-05-01,17,15
2023-05-01,18,18
2023-05-01,19,22
2023-05-01,20,14
2023-05-01,21,27
2023-05-02,6,28
2023-05-02,7,48
2023-05-02,8,15
2023-05-02,9,45
2023-05-02,10,32
2023-05-02,11,31
2023-05-02,12,12
2023-05-02,13,41
2023-05-02,14,6
2023-05-02,15,49
2023-05-02,16,47
2023-05-02,17,5
2023-05-02,18,45
2023-05-02,19,8
2023-05-02,20,7
2023-05-02,21,30
2023-05-03,6,11
2023-05-03,7,26
2023-05-03,8,14
2023-05-03,9,14
2023-05-03,10,43
2023-05-03,11,5
2023-05-03,12,41
2023-05-03,13,15
2023-05-03,14,38
2023-05-03,15,14
2023-05-03,16,18
2023-05-03,17,42
2023-05-03,18,6
2023-05-03,19,43
2023-05-03,20,14
2023-05-03,21,36
2023-05-04,6,33
2023-05-04,7,5
2023-05-04,8,48
2023-05-04,9,8
2023-05-04,10,37
2023-05-04,11,28
2023-05-04,12,45
2023-05-04,13,26
2023-05-04,14,14
2023-05-04,15,48
2023-05-04,16,30
2023-05-04,17,18
2023-05-04,18,16
2023-05-04,19,24
2023-05-04,20,38
2023-05-04,21,39
2023-05-05,6,49
2023-05-05,7,26
2023-05-05,8,42
2023-05-05,9,21
2023-05-05,10,32
2023-05-05,11,27
2023-05-05,12,20
2023-05-05,13,27
2023-05-05,14,41
2023-05-05,15,40
2023-05-05,16,27
2023-05-05,17,35
2023-05-05,18,19
2023-05-05,19,17
2023-05-05,20,18
2023-05-05,21,26
2023-05-06,6,13
2023-05-06,7,12
2023-05-06,8,18
2023-05-06,9,11
2023-05-06,10,7
2023-05-06,11,40
2023-05-06,12,27
2023-05-06,13,21
2023-05-06,14,45
2023-05-06,15,29
2023-05-06,16,27
2023-05-06,17,15
2023-05-06,18,36
2023-05-06,19,5
2023-05-06,20,31
2023-05-06,21,48
2023-05-07,6,32
2023-05-07,7,43
2023-05-07,8,30
2023-05-07,9,13
2023-05-07,10,34
2023-05-07,11,7
2023-05-07,12,47
2023-05-07,13,35
2023-05-07,14,14
2023-05-07,15,36
2023-05-07,16,5
2023-05-07,17,12
2023-05-07,18,43
2023-05-07,19,14
2023-05-07,20,28
2023-05-07,21,48
2023-05-08,6,23
2023-05-08,7,11
2023-05-08,8,13
2023-05-08,9,36
2023-05-08,10,23
2023-05-08,11,43
2023-05-08,12,33
2023-05-08,13,20
2023-05-08,14,43
2023-05-08,15,48
2023-05-08,16,7
2023-05-08,17,9
2023-05-08,18,10
2023-05-08,19,21
2023-05-08,20,21
2023-05-08,21,40
2023-05-09,6,46
2023-05-09,7,36
2023-05-09,8,44
2023-05-09,9,18
2023-05-09,10,36
2023-05-09,11,47
2023-05-09,12,42
2023-05-09,13,17
2023-05-09,14,27
2023-05-09,15,16
2023-05-09,16,26
2023-05-09,17,34
2023-05-09,18,26
2023-05-09,19,14
2023-05-09,20,16
2023-05-09,21,40
2023-05-10,6,32
2023-05-10,7,27
2023-05-10,8,28
2023-05-10,9,32
2023-05-10,10,12
2023-05-10,11,24
2023-05-10,12,7
2023-05-10,13,11
2023-05-10,14,27
2023-05-10,15,39
2023-05-10,16,37
2023-05-10,17,39
2023-05-10,18,26
2023-05-10,19,38
2023-05-10,20,40
2023-05-10,21,41
2023-05-11,6,42
2023-05-11,7,30
2023-05-11,8,45
2023-05-11,9,14
2023-05-11,10,41
2023-05-11,11,11
2023-05-11,12,46
2023-05-11,13,15
2023-05-11,14,21
2023-05-11,15,12
2023-05-11,16,11
2023-05-11,17,47
2023-05-11,18,12
2023-05-11,19,37
2023-05-11,20,10
2023-05-11,21,9
2023-05-12,6,20
2023-05-12,7,49
2023-05-12,8,18
2023-05-12,9,38
2023-05-12,10,38
2023-05-12,11,29
2023-05-12,12,26
2023-05-12,13,7
2023-05-12,14,45
2023-05-12,15,22
2023-05-12,16,24
2023-05-12,17,17
2023-05-12,18,46
2023-05-12,19,38
2023-05-12,20,25
2023-05-12,21,33
2023-05-13,6,13
2023-05-13,7,44
2023-05-13,8,26
2023-05-13,9,35
2023-05-13,10,49
2023-05-13,11,35
2023-05-13,12,10
2023-05-13,13,45
2023-05-13,14,6
2023-05-13,15,11
2023-05-13,16,16
2023-05-13,17,47
2023-05-13,18,23
2023-05-13,19,24
2023-05-13,20,17
2023-05-13,21,25
2023-05-14,6,41
2023-05-14,7,30
2023-05-14,8,37
2023-05-14,9,26
2023-05-14,10,15
2023-05-14,11,19
2023-05-14,12,49
2023-05-14,13,22
2023-05-14,14,35
2023-05-14,15,38
2023-05-14,16,33
2023-05-14,17,45
2023-05-14,18,21
2023-05-14,19,22
2023-05-14,20,36
2023-05-14,21,14
2023-05-15,6,13
2023-05-15,7,31
2023-05-15,8,30
2023-05-15,9,25
2023-05-15,10,33
2023-05-15,11,24
2023-05-15,12,13
2023-05-15,13,8
2023-05-15,14,19
2023-05-15,15,27
2023-05-15,16,46
2023-05-15,17,46
2023-05-15,18,20
2023-05-15,19,5
2023-05-15,20,23
2023-05-15,21,30
2023-05-16,6,8
2023-05-16,7,32
2023-05-16,8,44
2023-05-16,9,39
2023-05-16,10,39
2023-05-16,11,48
2023-05-16,12,44
2023-05-16,13,25
2023-05-16,14,41
2023-05-16,15,31
2023-05-16,16,44
2023-05-16,17,17
2023-05-16,18,10
2023-05-16,19,35
2023-05-16,20,27
2023-05-16,21,46
2023-05-17,6,37
2023-05-17,7,13
2023-05-17,8,9
2023-05-17,9,48
2023-05-17,10,49
2023-05-17,11,42
2023-05-17,12,48
2023-05-17,13,8
2023-05-17,14,36
2023-05-17,15,7
2023-05-17,16,38
2023-05-17,17,46
2023-05-17,18,16
2023-05-17,19,40
2023-05-17,20,36
2023-05-17,21,35
2023-05-18,6,17
2023-05-18,7,26
2023-05-18,8,31
2023-05-18,9,9
2023-05-18,10,46
2023-05-18,11,46
2023-05-18,12,30
2023-05-18,13,23
2023-05-18,14,27
2023-05-18,15,48
2023-05-18,16,32
2023-05-18,17,6
2023-05-18,18,7
2023-05-18,19,17
2023-05-18,20,40
2023-05-18,21,25
2023-05-19,6,49
2023-05-19,7,43
2023-05-19,8,18
2023-05-19,9,42
2023-05-19,10,32
2023-05-19,11,9
2023-05-19,12,49
2023-05-19,13,42
2023-05-19,14,21
2023-05-19,15,44
2023-05-19,16,43
2023-05-19,17,39
2023-05-19,18,22
2023-05-19,19,25
2023-05-19,20,29
2023-05-19,21,35
2023-05-20,6,19
2023-05-20,7,23
2023-05-20,8,17
2023-05-20,9,36
2023-05-20,10,35
2023-05-20,11,18
2023-05-20,12,29
2023-05-20,13,23
2023-05-20,14,27
2023-05-20,15,23
2023-05-20,16,21
2023-05-20,17,48
2023-05-20,18,20
2023-05-20,19,36
2023-05-20,20,35
2023-05-20,21,49
2023-05-21,6,14
2023-05-21,7,12
2023-05-21,8,49
2023-05-21,9,6
2023-05-21,10,29
2023-05-21,11,31
2023-05-21,12,48
2023-05-21,13,28
2023-05-21,14,28
2023-05-21,15,24
2023-05-21,16,36
2023-05-21,17,38
2023-05-21,18,33
2023-05-21,19,42
2023-05-21,20,18
2023-05-21,21,28
2023-05-22,6,39
2023-05-22,7,23
2023-05-22,8,12
2023-05-22,9,12
2023-05-22,10,10
2023-05-22,11,46
2023-05-22,12,15
2023-05-22,13,47
2023-05-22,14,17
2023-05-22,15,31
2023-05-22,16,28
2023-05-22,17,32
2023-05-22,18,7
2023-05-22,19,10
2023-05-22,20,6
2023-05-22,21,37
2023-05-23,6,20
2023-05-23,7,31
2023-05-23,8,45
2023-05-23,9,25
2023-05-23,10,5
2023-05-23,11,22
2023-05-23,12,20
2023-05-23,13,42
2023-05-23,14,22
2023-05-23,15,18
2023-05-23,16,30
2023-05-23,17,10
2023-05-23,18,15
2023-05-23,19,6
2023-05-23,20,29
2023-05-23,21,7
2023-05-24,6,44
2023-05-24,7,34
2023-05-24,8,13
2023-05-24,9,34
2023-05-24,10,46
2023-05-24,11,25
2023-05-24,12,26
2023-05-24,13,49
2023-05-24,14,16
2023-05-24,15,46
2023-05-24,16,34
2023-05-24,17,10
2023-05-24,18,31
2023-05-24,19,38
2023-05-24,20,19
2023-05-24,21,34
2023-05-25,6,19
2023-05-25,7,40
2023-05-25,8,47
2023-05-25,9,33
2023-05-25,10,11
2023-05-25,11,19
2023-05-25,12,33
2023-05-25,13,18
2023-05-25,14,14
2023-05-25,15,28
2023-05-25,16,42
2023-05-25,17,6
2023-05-25,18,11
2023-05-25,19,39
2023-05-25,20,32
2023-05-25,21,44
2023-05-26,6,30
2023-05-26,7,36
2023-05-26,8,19
2023-05-26,9,47
2023-05-26,10,26
2023-05-26,11,27
2023-05-26,12,14
2023-05-26,13,29
2023-05-26,14,31
2023-05-26,15,30
2023-05-26,16,22
2023-05-26,17,5
2023-05-26,18,6
2023-05-26,19,36
2023-05-26,20,41
2023-05-26,21,35
2023-05-27,6,46
2023-05-27,7,16
2023-05-27,8,17
2023-05-27,9,33
2023-05-27,10,7
2023-05-27,11,8
2023-05-27,12,20
2023-05-27,13,14
2023-05-27,14,18
2023-05-27,15,41
2023-05-27,16,23
2023-05-27,17,47
2023-05-27,18,34
2023-05-27,19,43
2023-05-27,20,8
2023-05-27,21,40
2023-05-28,6,36
2023-05-28,7,31
2023-05-28,8,27
2023-05-28,9,23
2023-05-28,10,38
2023-05-28,11,15
2023-05-28,12,23
2023-05-28,13,27
2023-05-28,14,48
2023-05-28,15,46
2023-05-28,16,44
2023-05-28,17,12
2023-05-28,18,13
2023-05-28,19,18
2023-05-28,20,44
2023-05-28,21,39
2023-05-29,6,38
2023-05-29,7,5
2023-05-29,8,36
2023-05-29,9,12
2023-05-29,10,27
2023-05-29,11,36
2023-05-29,12,42
2023-05-29,13,47
2023-05-29,14,39
2023-05-29,15,26
2023-05-29,16,41
2023-05-29,17,31
2023-05-29,18,25
2023-05-29,19,33
2023-05-29,20,17
2023-05-29,21,41
2023-05-30,6,41
2023-05-30,7,46
2023-05-30,8,49
2023-05-30,9,46
2023-05-30,10,44
2023-05-30,11,38
2023-05-30,12,38
2023-05-30,13,14
2023-05-30,14,19
2023-05-30,15,31
2023-05-30,16,20
2023-05-30,17,46
2023-05-30,18,46
2023-05-30,19,30
2023-05-30,20,31
2023-05-30,21,8
2023-05-31,6,38
2023-05-31,7,45
2023-05-31,8,15
2023-05-31,9,7
2023-05-31,10,43
2023-05-31,11,29
2023-05-31,12,29
2023-05-31,13,42
2023-05-31,14,5
2023-05-31,15,16
2023-05-31,16,22
2023-05-31,17,45
2023-05-31,18,41
2023-05-31,19,17
2023-05-31,20,22
2023-05-31,21,19
2023-06-01,6,10
2023-06-01,7,43
2023-06-01,8,17
2023-06-01,9,16
2023-06-01,10,14
2023-06-01,11,30
2023-06-01,12,31
2023-06-01,13,26
2023-06-01,14,37
2023-06-01,15,47
2023-06-01,16,20
2023-06-01,17,5
2023-06-01,18,47
2023-06-01,19,45
2023-06-01,20,47
2023-06-01,21,5
2023-06-02,6,15
2023-06-02,7,45
2023-06-02,8,26
2023-06-02,9,33
2023-06-02,10,38
2023-06-02,11,46
2023-06-02,12,7
2023-06-02,13,35
2023-06-02,14,17
2023-06-02,15,15
2023-06-02,16,41
2023-06-02,17,12
2023-06-02,18,14
2023-06-02,19,42
2023-06-02,20,19
2023-06-02,21,12
2023-06-03,6,34
2023-06-03,7,40
2023-06-03,8,34
2023-06-03,9,35
2023-06-03,10,45
2023-06-03,11,9
2023-06-03,12,23
2023-06-03,13,38
2023-06-03,14,17
2023-06-03,15,29
2023-06-03,16,18
2023-06-03,17,15
2023-06-03,18,34
2023-06-03,19,11
2023-06-03,20,6
2023-06-03,21,39
2023-06-04,6,47
2023-06-04,7,7
2023-06-04,8,37
2023-06-04,9,36
2023-06-04,10,21
2023-06-04,11,32
2023-06-04,12,25
2023-06-04,13,23
2023-06-04,14,37
2023-06-04,15,15
2023-06-04,16,37
2023-06-04,17,27
2023-06-04,18,11
2023-06-04,19,12
2023-06-04,20,34
2023-06-04,21,11
2023-06-05,6,26
2023-06-05,7,31
2023-06-05,8,44
2023-06-05,9,46
2023-06-05,10,40
2023-06-05,11,49
2023-06-05,12,40
2023-06-05,13,23
2023-06-05,14,31
2023-06-05,15,10
2023-06-05,16,20
2023-06-05,17,28
2023-06-05,18,28
2023-06-05,19,34
2023-06-05,20,43
2023-06-05,21,49
2023-06-06,6,39
2023-06-06,7,39
2023-06-06,8,24
2023-06-06,9,40
2023-06-06,10,15
2023-06-06,11,23
2023-06-06,12,44
2023-06-06,13,49
2023-06-06,14,29
2023-06-06,15,26
2023-06-06,16,5
2023-06-06,17,24
2023-06-06,18,39
2023-06-06,19,27
2023-06-06,20,28
2023-06-06,21,43
2023-06-07,6,27
2023-06-07,7,42
2023-06-07,8,11
2023-06-07,9,43
2023-06-07,10,48
2023-06-07,11,13
2023-06-07,12,33
2023-06-07,13,45
2023-06-07,14,47
2023-06-07,15,46
2023-06-07,16,14
2023-06-07,17,19
2023-06-07,18,12
2023-06-07,19,49
2023-06-07,20,45
2023-06-07,21,26
2023-06-08,6,24
2023-06-08,7,22
2023-06-08,8,38
2023-06-08,9,27
2023-06-08,10,32
2023-06-08,11,45
2023-06-08,12,14
2023-06-08,13,47
2023-06-08,14,27
2023-06-08,15,14
2023-06-08,16,5
2023-06-08,17,33
2023-06-08,18,45
2023-06-08,19,9
2023-06-08,20,48
2023-06-08,21,33
2023-06-09,6,24
2023-06-09,7,12
2023-06-09,8,29
2023-06-09,9,5
2023-06-09,10,40
2023-06-09,11,48
2023-06-09,12,20
2023-06-09,13,9
2023-06-09,14,17
2023-06-09,15,5
2023-06-09,16,12
2023-06-09,17,5
2023-06-09,18,24
2023-06-09,19,43
2023-06-09,20,29
2023-06-09,21,33
2023-06-10,6,7
2023-06-10,7,33
2023-06-10,8,22
2023-06-10,9,22
2023-06-10,10,28
2023-06-10,11,10
2023-06-10,12,32
2023-06-10,13,18
2023-06-10,14,30
2023-06-10,15,11
2023-06-10,16,15
2023-06-10,17,25
2023-06-10,18,9
2023-06-10,19,35
2023-06-10,20,49
2023-06-10,21,49
2023-06-11,6,31
2023-06-11,7,37
2023-06-11,8,38
2023-06-11,9,40
2023-06-11,10,9
2023-06-11,11,30
2023-06-11,12,39
2023-06-11,13,24
2023-06-11,14,18
2023-06-11,15,9
2023-06-11,16,16
2023-06-11,17,17
2023-06-11,18,31
2023-06-11,19,31
2023-06-11,20,20
2023-06-11,21,8
2023-06-12,6,17
2023-06-12,7,22
2023-06-12,8,49
2023-06-12,9,16
2023-06-12,10,23
2023-06-12,11,21
2023-06-12,12,46
2023-06-12,13,11
2023-06-12,14,25
2023-06-12,15,43
2023-06-12,16,5
2023-06-12,17,18
2023-06-12,18,7
2023-06-12,19,36
2023-06-12,20,13
2023-06-12,21,15
2023-06-13,6,27
2023-06-13,7,34
2023-06-13,8,9
2023-06-13,9,34
2023-06-13,10,30
2023-06-13,11,8
2023-06-13,12,31
2023-06-13,13,33
2023-06-13,14,49
2023-06-13,15,42
2023-06-13,16,11
2023-06-13,17,20
2023-06-13,18,12
2023-06-13,19,29
2023-06-13,20,28
2023-06-13,21,45
2023-06-14,6,45
2023-06-14,7,25
2023-06-14,8,47
2023-06-14,9,20
2023-06-14,10,45
2023-06-14,11,15
2023-06-14,12,12
2023-06-14,13,39
2023-06-14,14,10
2023-06-14,15,41
2023-06-14,16,15
2023-06-14,17,32
2023-06-14,18,46
2023-06-14,19,15
2023-06-14,20,10
2023-06-14,21,44
2023-06-15,6,34
2023-06-15,7,18
2023-06-15,8,17
2023-06-15,9,39
2023-06-15,10,10
2023-06-15,11,37
2023-06-15,12,15
2023-06-15,13,5
2023-06-15,14,31
2023-06-15,15,34
2023-06-15,16,30
2023-06-15,17,32
2023-06-15,18,45
2023-06-15,19,36
2023-06-15,20,14
2023-06-15,21,16
2023-06-16,6,40
2023-06-16,7,47
2023-06-16,8,26
2023-06-16,9,20
2023-06-16,10,22
2023-06-16,11,11
2023-06-16,12,40
2023-06-16,13,6
2023-06-16,14,13
2023-06-16,15,48
2023-06-16,16,34
2023-06-16,17,32
2023-06-16,18,33
2023-06-16,19,23
2023-06-16,20,32
2023-06-16,21,45
2023-06-17,6,29
2023-06-17,7,33
2023-06-17,8,27
2023-06-17,9,14
2023-06-17,10,45
2023-06-17,11,9
2023-06-17,12,37
2023-06-17,13,45
2023-06-17,14,9
2023-06-17,15,8
2023-06-17,16,41
2023-06-17,17,8
2023-06-17,18,29
2023-06-17,19,36
2023-06-17,20,18
2023-06-17,21,31
2023-06-18,6,30
2023-06-18,7,12
2023-06-18,8,34
2023-06-18,9,17
2023-06-18,10,36
2023-06-18,11,47
2023-06-18,12,33
2023-06-18,13,27
2023-06-18,14,32
2023-06-18,15,18
2023-06-18,16,14
2023-06-18,17,11
2023-06-18,18,30
2023-06-18,19,40
2023-06-18,20,31
2023-06-18,21,32
2023-06-19,6,34
2023-06-19,7,48
2023-06-19,8,47
2023-06-19,9,28
2023-06-19,10,5
2023-06-19,11,45
2023-06-19,12,31
2023-06-19,13,5
2023-06-19,14,14
2023-06-19,15,47
2023-06-19,16,9
2023-06-19,17,13
2023-06-19,18,7
2023-06-19,19,33
2023-06-19,20,6
2023-06-19,21,22
2023-06-20,6,18
2023-06-20,7,33
2023-06-20,8,9
2023-06-20,9,9
2023-06-20,10,6
2023-06-20,11,43
2023-06-20,12,27
2023-06-20,13,35
2023-06-20,14,20
2023-06-20,15,26
2023-06-20,16,31
2023-06-20,17,33
2023-06-20,18,9
2023-06-20,19,16
2023-06-20,20,17
2023-06-20,21,12
2023-06-21,6,28
2023-06-21,7,32
2023-06-21,8,41
2023-06-21,9,31
2023-06-21,10,40
2023-06-21,11,13
2023-06-21,12,19
2023-06-21,13,9
2023-06-21,14,32
2023-06-21,15,19
2023-06-21,16,40
2023-06-21,17,22
2023-06-21,18,26
2023-06-21,19,9
2023-06-21,20,26
2023-06-21,21,21
2023-06-22,6,26
2023-06-22,7,25
2023-06-22,8,27
2023-06-22,9,32
2023-06-22,10,32
2023-06-22,11,21
2023-06-22,12,23
2023-06-22,13,17
2023-06-22,14,49
2023-06-22,15,49
2023-06-22,16,38
2023-06-22,17,37
2023-06-22,18,20
2023-06-22,19,47
2023-06-22,20,34
2023-06-22,21,7
2023-06-23,6,31
2023-06-23,7,24
2023-06-23,8,36
2023-06-23,9,25
2023-06-23,10,9
2023-06-23,11,6
2023-06-23,12,26
2023-06-23,13,11
2023-06-23,14,46
2023-06-23,15,14
2023-06-23,16,44
2023-06-23,17,5
2023-06-23,18,20
2023-06-23,19,45
2023-06-23,20,32
2023-06-23,21,24
2023-06-24,6,30
2023-06-24,7,19
2023-06-24,8,45
2023-06-24,9,34
2023-06-24,10,16
2023-06-24,11,6
2023-06-24,12,14
2023-06-24,13,31
2023-06-24,14,25
2023-06-24,15,20
2023-06-24,16,41
2023-06-24,17,49
2023-06-24,18,26
2023-06-24,19,43
2023-06-24,20,45
2023-06-24,21,26
2023-06-25,6,21
2023-06-25,7,21
2023-06-25,8,30
2023-06-25,9,41
2023-06-25,10,42
2023-06-25,11,42
2023-06-25,12,45
2023-06-25,13,46
2023-06-25,14,7
2023-06-25,15,13
2023-06-25,16,5
2023-06-25,17,23
2023-06-25,18,18
2023-06-25,19,44
2023-06-25,20,42
2023-06-25,21,6
2023-06-26,6,11
2023-06-26,7,42
2023-06-26,8,47
2023-06-26,9,32
2023-06-26,10,14
2023-06-26,11,29
2023-06-26,12,26
2023-06-26,13,15
2023-06-26,14,44
2023-06-26,15,49
2023-06-26,16,42
2023-06-26,17,14
2023-06-26,18,22
2023-06-26,19,9
2023-06-26,20,15
2023-06-26,21,31
2023-06-27,6,31
2023-06-27,7,40
2023-06-27,8,17
2023-06-27,9,32
2023-06-27,10,6
2023-06-27,11,11
2023-06-27,12,36
2023-06-27,13,10
2023-06-27,14,23
2023-06-27,15,19
2023-06-27,16,27
2023-06-27,17,28
2023-06-27,18,32
2023-06-27,19,28
2023-06-27,20,26
2023-06-27,21,46
2023-06-28,6,10
2023-06-28,7,8
2023-06-28,8,38
2023-06-28,9,43
2023-06-28,10,31
2023-06-28,11,47
2023-06-28,12,26
2023-06-28,13,20
2023-06-28,14,36
2023-06-28,15,9
2023-06-28,16,45
2023-06-28,17,37
2023-06-28,18,49
2023-06-28,19,39
2023-06-28,20,9
2023-06-28,21,27
2023-06-29,6,41
2023-06-29,7,36
2023-06-29,8,18
2023-06-29,9,37
2023-06-29,10,47
2023-06-29,11,9
2023-06-29,12,39
2023-06-29,13,46
2023-06-29,14,45
2023-06-29,15,42
2023-06-29,16,26
2023-06-29,17,10
2023-06-29,18,44
2023-06-29,19,38
2023-06-29,20,8
2023-06-29,21,6
2023-06-30,6,13
2023-06-30,7,34
2023-06-30,8,41
2023-06-30,9,23
2023-06-30,10,13
2023-06-30,11,9
2023-06-30,12,20
2023-06-30,13,30
2023-06-30,14,11
2023-06-30,15,6
2023-06-30,16,18
2023-06-30,17,35
2023-06-30,18,26
2023-06-30,19,37
2023-06-30,20,44
2023-06-30,21,35
2023-07-01,6,23
2023-07-01,7,10
2023-07-01,8,44
2023-07-01,9,47
2023-07-01,10,14
2023-07-01,11,16
2023-07-01,12,30
2023-07-01,13,8
2023-07-01,14,9
2023-07-01,15,34
2023-07-01,16,28
2023-07-01,17,43
2023-07-01,18,39
2023-07-01,19,9
2023-07-01,20,9
2023-07-01,21,12
2023-07-02,6,39
2023-07-02,7,5
2023-07-02,8,6
2023-07-02,9,11
2023-07-02,10,19
2023-07-02,11,18
2023-07-02,12,17
2023-07-02,13,48
2023-07-02,14,33
2023-07-02,15,6
2023-07-02,16,11
2023-07-02,17,14
2023-07-02,18,24
2023-07-02,19,29
2023-07-02,20,30
2023-07-02,21,46
2023-07-03,6,10
2023-07-03,7,8
2023-07-03,8,12
2023-07-03,9,17
2023-07-03,10,41
2023-07-03,11,12
2023-07-03,12,44
2023-07-03,13,33
2023-07-03,14,31
2023-07-03,15,13
2023-07-03,16,18
2023-07-03,17,15
2023-07-03,18,29
2023-07-03,19,27
2023-07-03,20,14
2023-07-03,21,11
2023-07-04,6,17
2023-07-04,7,26
2023-07-04,8,45
2023-07-04,9,44
2023-07-04,10,22
2023-07-04,11,13
2023-07-04,12,26
2023-07-04,13,13
2023-07-04,14,46
2023-07-04,15,18
2023-07-04,16,16
2023-07-04,17,44
2023-07-04,18,21
2023-07-04,19,21
2023-07-04,20,28
2023-07-04,21,17
2023-07-05,6,40
2023-07-05,7,22
2023-07-05,8,34
2023-07-05,9,46
2023-07-05,10,46
2023-07-05,11,41
2023-07-05,12,5
2023-07-05,13,18
2023-07-05,14,14
2023-07-05,15,9
2023-07-05,16,26
2023-07-05,17,45
2023-07-05,18,33
2023-07-05,19,36
2023-07-05,20,35
2023-07-05,21,41
2023-07-06,6,37
2023-07-06,7,34
2023-07-06,8,43
2023-07-06,9,37
2023-07-06,10,14
2023-07-06,11,39
2023-07-06,12,32
2023-07-06,13,46
2023-07-06,14,13
2023-07-06,15,45
2023-07-06,16,15
2023-07-06,17,49
2023-07-06,18,31
2023-07-06,19,36
2023-07-06,20,45
2023-07-06,21,25
2023-07-07,6,16
2023-07-07,7,11
2023-07-07,8,26
2023-07-07,9,36
2023-07-07,10,7
2023-07-07,11,16
2023-07-07,12,17
2023-07-07,13,26
2023-07-07,14,46
2023-07-07,15,42
2023-07-07,16,32
2023-07-07,17,9
2023-07-07,18,34
2023-07-07,19,36
2023-07-07,20,49
2023-07-07,21,24
2023-07-08,6,24
2023-07-08,7,45
2023-07-08,8,13
2023-07-08,9,11
2023-07-08,10,11
2023-07-08,11,30
2023-07-08,12,37
2023-07-08,13,35
2023-07-08,14,48
2023-07-08,15,18
2023-07-08,16,39
2023-07-08,17,34
2023-07-08,18,39
2023-07-08,19,23
2023-07-08,20,13
2023-07-08,21,22
2023-07-09,6,5
2023-07-09,7,21
2023-07-09,8,26
2023-07-09,9,16
2023-07-09,10,22
2023-07-09,11,6
2023-07-09,12,28
2023-07-09,13,43
2023-07-09,14,8
2023-07-09,15,27
2023-07-09,16,8
2023-07-09,17,25
2023-07-09,18,31
2023-07-09,19,15
2023-07-09,20,28
2023-07-09,21,31
2023-07-10,6,40
2023-07-10,7,31
2023-07-10,8,32
2023-07-10,9,38
2023-07-10,10,6
2023-07-10,11,45
2023-07-10,12,30
2023-07-10,13,49
2023-07-10,14,19
2023-07-10,15,28
2023-07-10,16,23
2023-07-10,17,11
2023-07-10,18,21
2023-07-10,19,8
2023-07-10,20,40
2023-07-10,21,44
2023-07-11,6,34
2023-07-11,7,47
2023-07-11,8,45
2023-07-11,9,18
2023-07-11,10,46
2023-07-11,11,24
2023-07-11,12,33
2023-07-11,13,46
2023-07-11,14,30
2023-07-11,15,23
2023-07-11,16,12
2023-07-11,17,42
2023-07-11,18,24
2023-07-11,19,5
2023-07-11,20,20
2023-07-11,21,5
2023-07-12,6,39
2023-07-12,7,12
2023-07-12,8,12
2023-07-12,9,6
2023-07-12,10,32
2023-07-12,11,35
2023-07-12,12,48
2023-07-12,13,20
2023-07-12,14,15
2023-07-12,15,18
2023-07-12,16,41
2023-07-12,17,37
2023-07-12,18,12
2023-07-12,19,45
2023-07-12,20,38
2023-07-12,21,17
2023-07-13,6,47
2023-07-13,7,20
2023-07-13,8,40
2023-07-13,9,43
2023-07-13,10,25
2023-07-13,11,21
2023-07-13,12,43
2023-07-13,13,38
2023-07-13,14,22
2023-07-13,15,45
2023-07-13,16,45
2023-07-13,17,47
2023-07-13,18,40
2023-07-13,19,40
2023-07-13,20,9
2023-07-13,21,32
2023-07-14,6,9
2023-07-14,7,8
2023-07-14,8,7
2023-07-14,9,37
2023-07-14,10,7
2023-07-14,11,12
2023-07-14,12,27
2023-07-14,13,10
2023-07-14,14,31
2023-07-14,15,26
2023-07-14,16,38
2023-07-14,17,5
2023-07-14,18,40
2023-07-14,19,31
2023-07-14,20,13
2023-07-14,21,48
2023-07-15,6,29
2023-07-15,7,18
2023-07-15,8,22
2023-07-15,9,22
2023-07-15,10,31
2023-07-15,11,13
2023-07-15,12,16
2023-07-15,13,22
2023-07-15,14,18
2023-07-15,15,14
2023-07-15,16,24
2023-07-15,17,26
2023-07-15,18,38
2023-07-15,19,42
2023-07-15,20,9
2023-07-15,21,34
2023-07-16,6,5
2023-07-16,7,30
2023-07-16,8,11
2023-07-16,9,11
2023-07-16,10,49
2023-07-16,11,9
2023-07-16,12,24
2023-07-16,13,32
2023-07-16,14,27
2023-07-16,15,12
2023-07-16,16,20
2023-07-16,17,45
2023-07-16,18,10
2023-07-16,19,15
2023-07-16,20,17
2023-07-16,21,6
2023-07-17,6,6
2023-07-17,7,17
2023-07-17,8,23
2023-07-17,9,37
2023-07-17,10,41
2023-07-17,11,29
2023-07-17,12,42
2023-07-17,13,44
2023-07-17,14,22
2023-07-17,15,33
2023-07-17,16,41
2023-07-17,17,15
2023-07-17,18,49
2023-07-17,19,45
2023-07-17,20,49
2023-07-17,21,27
2023-07-18,6,27
2023-07-18,7,39
2023-07-18,8,7
2023-07-18,9,22
2023-07-18,10,13
2023-07-18,11,24
2023-07-18,12,28
2023-07-18,13,21
2023-07-18,14,49
2023-07-18,15,16
2023-07-18,16,37
2023-07-18,17,10
2023-07-18,18,34
2023-07-18,19,10
2023-07-18,20,27
2023-07-18,21,11
2023-07-19,6,30
2023-07-19,7,7
2023-07-19,8,29
2023-07-19,9,7
2023-07-19,10,19
2023-07-19,11,43
2023-07-19,12,8
2023-07-19,13,42
2023-07-19,14,49
2023-07-19,15,25
2023-07-19,16,34
2023-07-19,17,11
2023-07-19,18,17
2023-07-19,19,47
2023-07-19,20,11
2023-07-19,21,27
2023-07-20,6,48
2023-07-20,7,11
2023-07-20,8,14
2023-07-20,9,18
2023-07-20,10,9
2023-07-20,11,23
2023-07-20,12,41
2023-07-20,13,37
2023-07-20,14,18
2023-07-20,15,7
2023-07-20,16,11
2023-07-20,17,34
2023-07-20,18,31
2023-07-20,19,40
2023-07-20,20,42
2023-07-20,21,15
2023-07-21,6,47
2023-07-21,7,40
2023-07-21,8,20
2023-07-21,9,21
2023-07-21,10,23
2023-07-21,11,39
2023-07-21,12,42
2023-07-21,13,49
2023-07-21,14,6
2023-07-21,15,43
2023-07-21,16,31
2023-07-21,17,5
2023-07-21,18,6
2023-07-21,19,19
2023-07-21,20,5
2023-07-21,21,10
2023-07-22,6,34
2023-07-22,7,48
2023-07-22,8,31
2023-07-22,9,21
2023-07-22,10,44
2023-07-22,11,28
2023-07-22,12,26
2023-07-22,13,19
2023-07-22,14,49
2023-07-22,15,25
2023-07-22,16,31
2023-07-22,17,20
2023-07-22,18,18
2023-07-22,19,8
2023-07-22,20,28
2023-07-22,21,17
2023-07-23,6,9
2023-07-23,7,44
2023-07-23,8,37
2023-07-23,9,49
2023-07-23,10,41
2023-07-23,11,12
2023-07-23,12,43
2023-07-23,13,23
2023-07-23,14,14
2023-07-23,15,46
2023-07-23,16,43
2023-07-23,17,23
2023-07-23,18,35
2023-07-23,19,18
2023-07-23,20,29
2023-07-23,21,12
2023-07-24,6,8
2023-07-24,7,9
2023-07-24,8,40
2023-07-24,9,48
2023-07-24,10,10
2023-07-24,11,34
2023-07-24,12,44
2023-07-24,13,42
2023-07-24,14,41
2023-07-24,15,45
2023-07-24,16,23
2023-07-24,17,46
2023-07-24,18,47
2023-07-24,19,22
2023-07-24,20,25
2023-07-24,21,41
2023-07-25,6,47
2023-07-25,7,21
2023-07-25,8,35
2023-07-25,9,25
2023-07-25,10,15
2023-07-25,11,20
2023-07-25,12,13
2023-07-25,13,27
2023-07-25,14,43
2023-07-25,15,27
2023-07-25,16,7
2023-07-25,17,10
2023-07-25,18,24
2023-07-25,19,19
2023-07-25,20,34
2023-07-25,21,36
2023-07-26,6,10
2023-07-26,7,35
2023-07-26,8,20
2023-07-26,9,33
2023-07-26,10,26
2023-07-26,11,44
2023-07-26,12,32
2023-07-26,13,19
2023-07-26,14,25
2023-07-26,15,12
2023-07-26,16,5
2023-07-26,17,34
2023-07-26,18,6
2023-07-26,19,28
2023-07-26,20,9
2023-07-26,21,16
2023-07-27,6,9
2023-07-27,7,38
2023-07-27,8,18
2023-07-27,9,16
2023-07-27,10,31
2023-07-27,11,6
2023-07-27,12,40
2023-07-27,13,49
2023-07-27,14,42
2023-07-27,15,7
2023-07-27,16,40
2023-07-27,17,12
2023-07-27,18,6
2023-07-27,19,45
2023-07-27,20,46
2023-07-27,21,33
2023-07-28,6,49
2023-07-28,7,29
2023-07-28,8,8
2023-07-28,9,14
2023-07-28,10,48
2023-07-28,11,21
2023-07-28,12,5
2023-07-28,13,7
2023-07-28,14,42
2023-07-28,15,34
2023-07-28,16,9
2023-07-28,17,48
2023-07-28,18,15
2023-07-28,19,13
2023-07-28,20,18
2023-07-28,21,23
2023-07-29,6,17
2023-07-29,7,25
2023-07-29,8,43
2023-07-29,9,47
2023-07-29,10,6
2023-07-29,11,34
2023-07-29,12,27
2023-07-29,13,31
2023-07-29,14,5
2023-07-29,15,11
2023-07-29,16,6
2023-07-29,17,27
2023-07-29,18,35
2023-07-29,19,33
2023-07-29,20,18
2023-07-29,21,47
2023-07-30,6,9
2023-07-30,7,15
2023-07-30,8,45
2023-07-30,9,37
2023-07-30,10,33
2023-07-30,11,10
2023-07-30,12,11
2023-07-30,13,49
2023-07-30,14,14
2023-07-30,15,24
2023-07-30,16,13
2023-07-30,17,21
2023-07-30,18,40
2023-07-30,19,10
2023-07-30,20,5
2023-07-30,21,15
2023-07-31,6,47
2023-07-31,7,21
2023-07-31,8,43
2023-07-31,9,13
2023-07-31,10,20
2023-07-31,11,31
2023-07-31,12,45
2023-07-31,13,9
2023-07-31,14,42
2023-07-31,15,12
2023-07-31,16,13
2023-07-31,17,17
2023-07-31,18,7
2023-07-31,19,31
2023-07-31,20,41
2023-07-31,21,24
2023-08-01,6,37
2023-08-01,7,17
2023-08-01,8,28
2023-08-01,9,46
2023-08-01,10,28
2023-08-01,11,24
2023-08-01,12,31
2023-08-01,13,22
2023-08-01,14,32
2023-08-01,15,40
2023-08-01,16,37
2023-08-01,17,36
2023-08-01,18,11
2023-08-01,19,19
2023-08-01,20,18
2023-08-01,21,39
2023-08-02,6,44
2023-08-02,7,35
2023-08-02,8,35
2023-08-02,9,30
2023-08-02,10,29
2023-08-02,11,10
2023-08-02,12,31
2023-08-02,13,36
2023-08-02,14,16
2023-08-02,15,34
2023-08-02,16,28
2023-08-02,17,28
2023-08-02,18,26
2023-08-02,19,8
2023-08-02,20,23
2023-08-02,21,29
2023-08-03,6,9
2023-08-03,7,8
2023-08-03,8,33
2023-08-03,9,13
2023-08-03,10,42
2023-08-03,11,44
2023-08-03,12,38
2023-08-03,13,12
2023-08-03,14,15
2023-08-03,15,38
2023-08-03,16,36
2023-08-03,17,36
2023-08-03,18,9
2023-08-03,19,36
2023-08-03,20,9
2023-08-03,21,36
2023-08-04,6,5
2023-08-04,7,10
2023-08-04,8,43
2023-08-04,9,29
2023-08-04,10,31
2023-08-04,11,18
2023-08-04,12,13
2023-08-04,13,32
2023-08-04,14,28
2023-08-04,15,13
2023-08-04,16,40
2023-08-04,17,43
2023-08-04,18,41
2023-08-04,19,46
2023-08-04,20,38
2023-08-04,21,7
2023-08-05,6,25
2023-08-05,7,43
2023-08-05,8,41
2023-08-05,9,46
2023-08-05,10,40
2023-08-05,11,6
2023-08-05,12,21
2023-08-05,13,45
2023-08-05,14,33
2023-08-05,15,29
2023-08-05,16,25
2023-08-05,17,23
2023-08-05,18,33
2023-08-05,19,7
2023-08-05,20,43
2023-08-05,21,16
2023-08-06,6,48
2023-08-06,7,30
2023-08-06,8,43
2023-08-06,9,35
2023-08-06,10,12
2023-08-06,11,39
2023-08-06,12,9
2023-08-06,13,31
2023-08-06,14,30
2023-08-06,15,31
2023-08-06,16,17
2023-08-06,17,27
2023-08-06,18,5
2023-08-06,19,32
2023-08-06,20,19
2023-08-06,21,17
2023-08-07,6,44
2023-08-07,7,9
2023-08-07,8,43
2023-08-07,9,30
2023-08-07,10,11
2023-08-07,11,39
2023-08-07,12,26
2023-08-07,13,13
2023-08-07,14,5
2023-08-07,15,19
2023-08-07,16,34
2023-08-07,17,7
2023-08-07,18,10
2023-08-07,19,35
2023-08-07,20,9
2023-08-07,21,8
2023-08-08,6,29
2023-08-08,7,15
2023-08-08,8,47
2023-08-08,9,18
2023-08-08,10,29
2023-08-08,11,31
2023-08-08,12,33
2023-08-08,13,45
2023-08-08,14,5
2023-08-08,15,9
2023-08-08,16,25
2023-08-08,17,44
2023-08-08,18,41
2023-08-08,19,38
2023-08-08,20,6
2023-08-08,21,49
2023-08-09,6,22
2023-08-09,7,19
2023-08-09,8,37
2023-08-09,9,15
2023-08-09,10,33
2023-08-09,11,33
2023-08-09,12,12
2023-08-09,13,5
2023-08-09,14,34
2023-08-09,15,47
2023-08-09,16,14
2023-08-09,17,10
2023-08-09,18,49
2023-08-09,19,5
2023-08-09,20,13
2023-08-09,21,47
2023-08-10,6,20
2023-08-10,7,7
2023-08-10,8,46
2023-08-10,9,6
2023-08-10,10,12
2023-08-10,11,34
2023-08-10,12,22
2023-08-10,13,7
2023-08-10,14,10
2023-08-10,15,49
2023-08-10,16,17
2023-08-10,17,19
2023-08-10,18,26
2023-08-10,19,23
2023-08-10,20,48
2023-08-10,21,12
2023-08-11,6,18
2023-08-11,7,27
2023-08-11,8,29
2023-08-11,9,37
2023-08-11,10,5
2023-08-11,11,5
2023-08-11,12,21
2023-08-11,13,22
2023-08-11,14,29
2023-08-11,15,19
2023-08-11,16,31
2023-08-11,17,34
2023-08-11,18,13
2023-08-11,19,29
2023-08-11,20,38
2023-08-11,21,44
2023-08-12,6,44
2023-08-12,7,15
2023-08-12,8,19
2023-08-12,9,33
2023-08-12,10,34
2023-08-12,11,15
2023-08-12,12,5
2023-08-12,13,21
2023-08-12,14,15
2023-08-12,15,33
2023-08-12,16,16
2023-08-12,17,34
2023-08-12,18,48
2023-08-12,19,31
2023-08-12,20,40
2023-08-12,21,19
2023-08-13,6,13
2023-08-13,7,35
2023-08-13,8,29
2023-08-13,9,19
2023-08-13,10,38
2023-08-13,11,20
2023-08-13,12,27
2023-08-13,13,37
2023-08-13,14,33
2023-08-13,15,36
2023-08-13,16,36
2023-08-13,17,20
2023-08-13,18,19
2023-08-13,19,25
2023-08-13,20,32
2023-08-13,21,18
2023-08-14,6,25
2023-08-14,7,28
2023-08-14,8,39
2023-08-14,9,42
2023-08-14,10,47
2023-08-14,11,11
2023-08-14,12,35
2023-08-14,13,26
2023-08-14,14,29
2023-08-14,15,46
2023-08-14,16,8
2023-08-14,17,37
2023-08-14,18,40
2023-08-14,19,30
2023-08-14,20,33
2023-08-14,21,10
2023-08-15,6,23
2023-08-15,7,29
2023-08-15,8,14
2023-08-15,9,40
2023-08-15,10,47
2023-08-15,11,14
2023-08-15,12,20
2023-08-15,13,19
2023-08-15,14,38
2023-08-15,15,44
2023-08-15,16,19
2023-08-15,17,5
2023-08-15,18,10
2023-08-15,19,23
2023-08-15,20,47
2023-08-15,21,10
2023-08-16,6,8
2023-08-16,7,14
2023-08-16,8,47
2023-08-16,9,44
2023-08-16,10,13
2023-08-16,11,5
2023-08-16,12,21
2023-08-16,13,45
2023-08-16,14,32
2023-08-16,15,16
2023-08-16,16,45
2023-08-16,17,43
2023-08-16,18,20
2023-08-16,19,18
2023-08-16,20,10
2023-08-16,21,34
2023-08-17,6,49
2023-08-17,7,30
2023-08-17,8,24
2023-08-17,9,9
2023-08-17,10,19
2023-08-17,11,35
2023-08-17,12,22
2023-08-17,13,17
2023-08-17,14,47
2023-08-17,15,15
2023-08-17,16,48
2023-08-17,17,16
2023-08-17,18,23
2023-08-17,19,23
2023-08-17,20,5
2023-08-17,21,18
2023-08-18,6,21
2023-08-18,7,6
2023-08-18,8,43
2023-08-18,9,42
2023-08-18,10,25
2023-08-18,11,24
2023-08-18,12,27
2023-08-18,13,34
2023-08-18,14,5
2023-08-18,15,10
2023-08-18,16,19
2023-08-18,17,21
2023-08-18,18,40
2023-08-18,19,30
2023-08-18,20,6
2023-08-18,21,49
2023-08-19,6,15
2023-08-19,7,47
2023-08-19,8,14
2023-08-19,9,8
2023-08-19,10,23
2023-08-19,11,30
2023-08-19,12,43
2023-08-19,13,22
2023-08-19,14,48
2023-08-19,15,26
2023-08-19,16,46
2023-08-19,17,33
2023-08-19,18,19
2023-08-19,19,48
2023-08-19,20,37
2023-08-19,21,46
2023-08-20,6,15
2023-08-20,7,24
2023-08-20,8,31
2023-08-20,9,19
2023-08-20,10,7
2023-08-20,11,20
2023-08-20,12,32
2023-08-20,13,46
2023-08-20,14,19
2023-08-20,15,44
2023-08-20,16,30
2023-08-20,17,38
2023-08-20,18,40
2023-08-20,19,31
2023-08-20,20,18
2023-08-20,21,7
2023-08-21,6,7
2023-08-21,7,27
2023-08-21,8,9
2023-08-21,9,6
2023-08-21,10,42
2023-08-21,11,40
2023-08-21,12,6
2023-08-21,13,19
2023-08-21,14,6
2023-08-21,15,40
2023-08-21,16,32
2023-08-21,17,18
2023-08-21,18,16
2023-08-21,19,34
2023-08-21,20,39
2023-08-21,21,12
2023-08-22,6,36
2023-08-22,7,24
2023-08-22,8,46
2023-08-22,9,19
2023-08-22,10,18
2023-08-22,11,30
2023-08-22,12,29
2023-08-22,13,23
2023-08-22,14,24
2023-08-22,15,30
2023-08-22,16,36
2023-08-22,17,27
2023-08-22,18,18
2023-08-22,19,26
2023-08-22,20,34
2023-08-22,21,32
2023-08-23,6,42
2023-08-23,7,44
2023-08-23,8,34
2023-08-23,9,7
2023-08-23,10,39
2023-08-23,11,8
2023-08-23,12,43
2023-08-23,13,38
2023-08-23,14,49
2023-08-23,15,15
2023-08-23,16,17
2023-08-23,17,6
2023-08-23,18,40
2023-08-23,19,34
2023-08-23,20,20
2023-08-23,21,36
2023-08-24,6,19
2023-08-24,7,27
2023-08-24,8,39
2023-08-24,9,49
2023-08-24,10,21
2023-08-24,11,22
2023-08-24,12,36
2023-08-24,13,20
2023-08-24,14,5
2023-08-24,15,18
2023-08-24,16,6
2023-08-24,17,10
2023-08-24,18,30
2023-08-24,19,48
2023-08-24,20,12
2023-08-24,21,28
2023-08-25,6,43
2023-08-25,7,47
2023-08-25,8,35
2023-08-25,9,25
2023-08-25,10,24
2023-08-25,11,6
2023-08-25,12,47
2023-08-25,13,44
2023-08-25,14,24
2023-08-25,15,26
2023-08-25,16,17
2023-08-25,17,24
2023-08-25,18,48
2023-08-25,19,35
2023-08-25,20,27
2023-08-25,21,30
2023-08-26,6,47
2023-08-26,7,34
2023-08-26,8,49
2023-08-26,9,13
2023-08-26,10,43
2023-08-26,11,46
2023-08-26,12,36
2023-08-26,13,48
2023-08-26,14,44
2023-08-26,15,16
2023-08-26,16,16
2023-08-26,17,31
2023-08-26,18,30
2023-08-26,19,47
2023-08-26,20,18
2023-08-26,21,18
2023-08-27,6,15
2023-08-27,7,38
2023-08-27,8,12
2023-08-27,9,43
2023-08-27,10,19
2023-08-27,11,8
2023-08-27,12,5
2023-08-27,13,39
2023-08-27,14,10
2023-08-27,15,6
2023-08-27,16,23
2023-08-27,17,35
2023-08-27,18,23
2023-08-27,19,27
2023-08-27,20,13
2023-08-27,21,23
2023-08-28,6,17
2023-08-28,7,12
2023-08-28,8,32
2023-08-28,9,31
2023-08-28,10,42
2023-08-28,11,46
2023-08-28,12,13
2023-08-28,13,19
2023-08-28,14,38
2023-08-28,15,29
2023-08-28,16,5
2023-08-28,17,15
2023-08-28,18,19
2023-08-28,19,30
2023-08-28,20,42
2023-08-28,21,37
2023-08-29,6,39
2023-08-29,7,31
2023-08-29,8,16
2023-08-29,9,24
2023-08-29,10,16
2023-08-29,11,41
2023-08-29,12,10
2023-08-29,13,24
2023-08-29,14,27
2023-08-29,15,19
2023-08-29,16,32
2023-08-29,17,38
2023-08-29,18,12
2023-08-29,19,24
2023-08-29,20,10
2023-08-29,21,30
2023-08-30,6,22
2023-08-30,7,18
2023-08-30,8,24
2023-08-30,9,46
2023-08-30,10,49
2023-08-30,11,5
2023-08-30,12,27
2023-08-30,13,44
2023-08-30,14,20
2023-08-30,15,49
2023-08-30,16,43
2023-08-30,17,23
2023-08-30,18,12
2023-08-30,19,28
2023-08-30,20,48
2023-08-30,21,20
2023-08-31,6,17
2023-08-31,7,34
2023-08-31,8,17
2023-08-31,9,25
2023-08-31,10,23
2023-08-31,11,31
2023-08-31,12,42
2023-08-31,13,48
2023-08-31,14,42
2023-08-31,15,27
2023-08-31,16,20
2023-08-31,17,28
2023-08-31,18,48
2023-08-31,19,20
2023-08-31,20,20
2023-08-31,21,15
2023-09-01,6,30
2023-09-01,7,20
2023-09-01,8,45
2023-09-01,9,19
2023-09-01,10,22
2023-09-01,11,44
2023-09-01,12,22
2023-09-01,13,39
2023-09-01,14,9
2023-09-01,15,6
2023-09-01,16,34
2023-09-01,17,35
2023-09-01,18,29
2023-09-01,19,47
2023-09-01,20,35
2023-09-01,21,23
2023-09-02,6,38
2023-09-02,7,22
2023-09-02,8,43
2023-09-02,9,37
2023-09-02,10,49
2023-09-02,11,7
2023-09-02,12,22
2023-09-02,13,40
2023-09-02,14,30
2023-09-02,15,32
2023-09-02,16,36
2023-09-02,17,41
2023-09-02,18,11
2023-09-02,19,32
2023-09-02,20,36
2023-09-02,21,45
2023-09-03,6,40
2023-09-03,7,26
2023-09-03,8,13
2023-09-03,9,21
2023-09-03,10,14
2023-09-03,11,31
2023-09-03,12,21
2023-09-03,13,36
2023-09-03,14,48
2023-09-03,15,46
2023-09-03,16,15
2023-09-03,17,49
2023-09-03,18,29
2023-09-03,19,21
2023-09-03,20,31
2023-09-03,21,19
2023-09-04,6,9
2023-09-04,7,47
2023-09-04,8,17
2023-09-04,9,10
2023-09-04,10,46
2023-09-04,11,24
2023-09-04,12,7
2023-09-04,13,32
2023-09-04,14,7
2023-09-04,15,37
2023-09-04,16,6
2023-09-04,17,41
2023-09-04,18,33
2023-09-04,19,18
2023-09-04,20,11
2023-09-04,21,48
2023-09-05,6,8
2023-09-05,7,25
2023-09-05,8,29
2023-09-05,9,13
2023-09-05,10,16
2023-09-05,11,16
2023-09-05,12,9
2023-09-05,13,33
2023-09-05,14,31
2023-09-05,15,43
2023-09-05,16,24
2023-09-05,17,33
2023-09-05,18,23
2023-09-05,19,40
2023-09-05,20,37
2023-09-05,21,12
2023-09-06,6,34
2023-09-06,7,38
2023-09-06,8,35
2023-09-06,9,5
2023-09-06,10,39
2023-09-06,11,23
2023-09-06,12,22
2023-09-06,13,21
2023-09-06,14,46
2023-09-06,15,35
2023-09-06,16,24
2023-09-06,17,33
2023-09-06,18,43
2023-09-06,19,47
2023-09-06,20,25
2023-09-06,21,13
2023-09-07,6,34
2023-09-07,7,37
2023-09-07,8,22
2023-09-07,9,14
2023-09-07,10,5
2023-09-07,11,32
2023-09-07,12,37
2023-09-07,13,43
2023-09-07,14,22
2023-09-07,15,47
2023-09-07,16,49
2023-09-07,17,13
2023-09-07,18,32
2023-09-07,19,27
2023-09-07,20,30
2023-09-07,21,47
2023-09-08,6,37
2023-09-08,7,24
2023-09-08,8,20
2023-09-08,9,23
2023-09-08,10,36
2023-09-08,11,15
2023-09-08,12,48
2023-09-08,13,44
2023-09-08,14,30
2023-09-08,15,5
2023-09-08,16,42
2023-09-08,17,16
2023-09-08,18,13
2023-09-08,19,12
2023-09-08,20,35
2023-09-08,21,24
2023-09-09,6,23
2023-09-09,7,36
2023-09-09,8,9
2023-09-09,9,35
2023-09-09,10,26
2023-09-09,11,24
2023-09-09,12,16
2023-09-09,13,23
2023-09-09,14,41
2023-09-09,15,6
2023-09-09,16,8
2023-09-09,17,34
2023-09-09,18,27
2023-09-09,19,25
2023-09-09,20,9
2023-09-09,21,11
2023-09-10,6,16
2023-09-10,7,45
2023-09-10,8,15
2023-09-10,9,18
2023-09-10,10,43
2023-09-10,11,7
2023-09-10,12,27
2023-09-10,13,7
2023-09-10,14,40
2023-09-10,15,43
2023-09-10,16,28
2023-09-10,17,45
2023-09-10,18,37
2023-09-10,19,36
2023-09-10,20,34
2023-09-10,21,40
2023-09-11,6,7
2023-09-11,7,10
2023-09-11,8,36
2023-09-11,9,10
2023-09-11,10,47
2023-09-11,11,8
2023-09-11,12,8
2023-09-11,13,17
2023-09-11,14,47
2023-09-11,15,7
2023-09-11,16,39
2023-09-11,17,48
2023-09-11,18,20
2023-09-11,19,28
2023-09-11,20,44
2023-09-11,21,28
2023-09-12,6,28
2023-09-12,7,42
2023-09-12,8,9
2023-09-12,9,23
2023-09-12,10,11
2023-09-12,11,34
2023-09-12,12,29
2023-09-12,13,5
2023-09-12,14,6
2023-09-12,15,12
2023-09-12,16,8
2023-09-12,17,36
2023-09-12,18,42
2023-09-12,19,10
2023-09-12,20,48
2023-09-12,21,44
2023-09-13,6,37
2023-09-13,7,41
2023-09-13,8,14
2023-09-13,9,28
2023-09-13,10,40
2023-09-13,11,7
2023-09-13,12,41
2023-09-13,13,31
2023-09-13,14,28
2023-09-13,15,20
2023-09-13,16,36
2023-09-13,17,20
2023-09-13,18,13
2023-09-13,19,20
2023-09-13,20,20
2023-09-13,21,8
2023-09-14,6,15
2023-09-14,7,28
2023-09-14,8,35
2023-09-14,9,28
2023-09-14,10,28
2023-09-14,11,28
2023-09-14,12,40
2023-09-14,13,36
2023-09-14,14,19
2023-09-14,15,26
2023-09-14,16,38
2023-09-14,17,43
2023-09-14,18,16
2023-09-14,19,21
2023-09-14,20,45
2023-09-14,21,46
2023-09-15,6,6
2023-09-15,7,43
2023-09-15,8,10
2023-09-15,9,35
2023-09-15,10,29
2023-09-15,11,32
2023-09-15,12,49
2023-09-15,13,30
2023-09-15,14,8
2023-09-15,15,33
2023-09-15,16,19
2023-09-15,17,38
2023-09-15,18,37
2023-09-15,19,20
2023-09-15,20,44
2023-09-15,21,43
2023-09-16,6,9
2023-09-16,7,38
2023-09-16,8,26
2023-09-16,9,41
2023-09-16,10,14
2023-09-16,11,35
2023-09-16,12,18
2023-09-16,13,38
2023-09-16,14,23
2023-09-16,15,41
2023-09-16,16,25
2023-09-16,17,41
2023-09-16,18,28
2023-09-16,19,36
2023-09-16,20,34
2023-09-16,21,41
2023-09-17,6,42
2023-09-17,7,21
2023-09-17,8,40
2023-09-17,9,35
2023-09-17,10,47
2023-09-17,11,21
2023-09-17,12,18
2023-09-17,13,10
2023-09-17,14,34
2023-09-17,15,23
2023-09-17,16,31
2023-09-17,17,44
2023-09-17,18,41
2023-09-17,19,35
2023-09-17,20,20
2023-09-17,21,17
2023-09-18,6,19
2023-09-18,7,30
2023-09-18,8,33
2023-09-18,9,5
2023-09-18,10,37
2023-09-18,11,38
2023-09-18,12,38
2023-09-18,13,38
2023-09-18,14,25
2023-09-18,15,11
2023-09-18,16,5
2023-09-18,17,5
2023-09-18,18,22
2023-09-18,19,36
2023-09-18,20,35
2023-09-18,21,22
2023-09-19,6,20
2023-09-19,7,5
2023-09-19,8,48
2023-09-19,9,15
2023-09-19,10,34
2023-09-19,11,45
2023-09-19,12,32
2023-09-19,13,30
2023-09-19,14,27
2023-09-19,15,14
2023-09-19,16,15
2023-09-19,17,49
2023-09-19,18,48
2023-09-19,19,10
2023-09-19,20,33
2023-09-19,21,26
2023-09-20,6,18
2023-09-20,7,10
2023-09-20,8,48
2023-09-20,9,24
2023-09-20,10,15
2023-09-20,11,6
2023-09-20,12,48
2023-09-20,13,29
2023-09-20,14,19
2023-09-20,15,42
2023-09-20,16,9
2023-09-20,17,19
2023-09-20,18,30
2023-09-20,19,15
2023-09-20,20,37
2023-09-20,21,41
2023-09-21,6,40
2023-09-21,7,45
2023-09-21,8,42
2023-09-21,9,15
2023-09-21,10,39
2023-09-21,11,13
2023-09-21,12,15
2023-09-21,13,45
2023-09-21,14,37
2023-09-21,15,49
2023-09-21,16,37
2023-09-21,17,31
2023-09-21,18,22
2023-09-21,19,15
2023-09-21,20,34
2023-09-21,21,20
2023-09-22,6,28
2023-09-22,7,5
2023-09-22,8,15
2023-09-22,9,10
2023-09-22,10,16
2023-09-22,11,30
2023-09-22,12,23
2023-09-22,13,5
2023-09-22,14,38
2023-09-22,15,24
2023-09-22,16,16
2023-09-22,17,28
2023-09-22,18,36
2023-09-22,19,37
2023-09-22,20,43
2023-09-22,21,14
2023-09-23,6,26
2023-09-23,7,45
2023-09-23,8,18
2023-09-23,9,8
2023-09-23,10,33
2023-09-23,11,10
2023-09-23,12,44
2023-09-23,13,46
2023-09-23,14,43
2023-09-23,15,29
2023-09-23,16,49
2023-09-23,17,12
2023-09-23,18,15
2023-09-23,19,5
2023-09-23,20,10
2023-09-23,21,42
2023-09-24,6,32
2023-09-24,7,36
2023-09-24,8,13
2023-09-24,9,38
2023-09-24,10,6
2023-09-24,11,26
2023-09-24,12,43
2023-09-24,13,27
2023-09-24,14,7
2023-09-24,15,47
2023-09-24,16,49
2023-09-24,17,20
2023-09-24,18,45
2023-09-24,19,34
2023-09-24,20,23
2023-09-24,21,48
2023-09-25,6,30
2023-09-25,7,20
2023-09-25,8,26
2023-09-25,9,10
2023-09-25,10,41
2023-09-25,11,9
2023-09-25,12,47
2023-09-25,13,18
2023-09-25,14,28
2023-09-25,15,18
2023-09-25,16,13
2023-09-25,17,44
2023-09-25,18,15
2023-09-25,19,14
2023-09-25,20,35
2023-09-25,21,29
2023-09-26,6,24
2023-09-26,7,35
2023-09-26,8,20
2023-09-26,9,41
2023-09-26,10,10
2023-09-26,11,47
2023-09-26,12,15
2023-09-26,13,44
2023-09-26,14,23
2023-09-26,15,5
2023-09-26,16,31
2023-09-26,17,25
2023-09-26,18,45
2023-09-26,19,18
2023-09-26,20,24
2023-09-26,21,39
2023-09-27,6,41
2023-09-27,7,35
2023-09-27,8,6
2023-09-27,9,22
2023-09-27,10,25
2023-09-27,11,29
2023-09-27,12,17
2023-09-27,13,40
2023-09-27,14,21
2023-09-27,15,16
2023-09-27,16,46
2023-09-27,17,26
2023-09-27,18,28
2023-09-27,19,19
2023-09-27,20,11
2023-09-27,21,7
2023-09-28,6,24
2023-09-28,7,47
2023-09-28,8,30
2023-09-28,9,49
2023-09-28,10,32
2023-09-28,11,39
2023-09-28,12,49
2023-09-28,13,44
2023-09-28,14,13
2023-09-28,15,11
2023-09-28,16,44
2023-09-28,17,18
2023-09-28,18,22
2023-09-28,19,14
2023-09-28,20,39
2023-09-28,21,19
2023-09-29,6,49
2023-09-29,7,8
2023-09-29,8,23
2023-09-29,9,32
2023-09-29,10,48
2023-09-29,11,27
2023-09-29,12,26
2023-09-29,13,26
2023-09-29,14,38
2023-09-29,15,44
2023-09-29,16,15
2023-09-29,17,48
2023-09-29,18,42
2023-09-29,19,35
2023-09-29,20,31
2023-09-29,21,9
2023-09-30,6,46
2023-09-30,7,33
2023-09-30,8,9
2023-09-30,9,22
2023-09-30,10,33
2023-09-30,11,6
2023-09-30,12,18
2023-09-30,13,27
2023-09-30,14,33
2023-09-30,15,43
2023-09-30,16,12
2023-09-30,17,8
2023-09-30,18,41
2023-09-30,19,36
2023-09-30,20,42
2023-09-30,21,33
2023-10-01,6,33
2023-10-01,7,5
2023-10-01,8,7
2023-10-01,9,46
2023-10-01,10,49
2023-10-01,11,23
2023-10-01,12,18
2023-10-01,13,36
2023-10-01,14,27
2023-10-01,15,47
2023-10-01,16,30
2023-10-01,17,22
2023-10-01,18,47
2023-10-01,19,19
2023-10-01,20,29
2023-10-01,21,40
2023-10-02,6,47
2023-10-02,7,42
2023-10-02,8,26
2023-10-02,9,22
2023-10-02,10,16
2023-10-02,11,31
2023-10-02,12,24
2023-10-02,13,20
2023-10-02,14,19
2023-10-02,15,14
2023-10-02,16,43
2023-10-02,17,9
2023-10-02,18,47
2023-10-02,19,39
2023-10-02,20,21
2023-10-02,21,45
2023-10-03,6,34
2023-10-03,7,8
2023-10-03,8,26
2023-10-03,9,35
2023-10-03,10,33
2023-10-03,11,45
2023-10-03,12,20
2023-10-03,13,29
2023-10-03,14,21
2023-10-03,15,22
2023-10-03,16,41
2023-10-03,17,41
2023-10-03,18,33
2023-10-03,19,45
2023-10-03,20,31
2023-10-03,21,35
2023-10-04,6,27
2023-10-04,7,46
2023-10-04,8,29
2023-10-04,9,26
2023-10-04,10,17
2023-10-04,11,21
2023-10-04,12,49
2023-10-04,13,43
2023-10-04,14,7
2023-10-04,15,5
2023-10-04,16,46
2023-10-04,17,49
2023-10-04,18,21
2023-10-04,19,33
2023-10-04,20,22
2023-10-04,21,46
2023-10-05,6,13
2023-10-05,7,30
2023-10-05,8,28
2023-10-05,9,37
2023-10-05,10,16
2023-10-05,11,47
2023-10-05,12,47
2023-10-05,13,19
2023-10-05,14,18
2023-10-05,15,13
2023-10-05,16,35
2023-10-05,17,38
2023-10-05,18,6
2023-10-05,19,42
2023-10-05,20,49
2023-10-05,21,42
2023-10-06,6,5
2023-10-06,7,49
2023-10-06,8,38
2023-10-06,9,27
2023-10-06,10,5
2023-10-06,11,37
2023-10-06,12,15
2023-10-06,13,13
2023-10-06,14,11
2023-10-06,15,41
2023-10-06,16,28
2023-10-06,17,12
2023-10-06,18,40
2023-10-06,19,6
2023-10-06,20,49
2023-10-06,21,10
2023-10-07,6,41
2023-10-07,7,16
2023-10-07,8,23
2023-10-07,9,33
2023-10-07,10,23
2023-10-07,11,35
2023-10-07,12,43
2023-10-07,13,33
2023-10-07,14,25
2023-10-07,15,39
2023-10-07,16,37
2023-10-07,17,25
2023-10-07,18,14
2023-10-07,19,8
2023-10-07,20,16
2023-10-07,21,14
2023-10-08,6,7
2023-10-08,7,12
2023-10-08,8,9
2023-10-08,9,40
2023-10-08,10,26
2023-10-08,11,39
2023-10-08,12,27
2023-10-08,13,8
2023-10-08,14,20
2023-10-08,15,41
2023-10-08,16,26
2023-10-08,17,25
2023-10-08,18,31
2023-10-08,19,44
2023-10-08,20,12
2023-10-08,21,11
2023-10-09,6,46
2023-10-09,7,38
2023-10-09,8,34
2023-10-09,9,29
2023-10-09,10,42
2023-10-09,11,19
2023-10-09,12,32
2023-10-09,13,44
2023-10-09,14,13
2023-10-09,15,9
2023-10-09,16,41
2023-10-09,17,45
2023-10-09,18,26
2023-10-09,19,43
2023-10-09,20,44
2023-10-09,21,19
2023-10-10,6,39
2023-10-10,7,31
2023-10-10,8,21
2023-10-10,9,23
2023-10-10,10,22
2023-10-10,11,14
2023-10-10,12,6
2023-10-10,13,6
2023-10-10,14,31
2023-10-10,15,20
2023-10-10,16,36
2023-10-10,17,42
2023-10-10,18,30
2023-10-10,19,36
2023-10-10,20,38
2023-10-10,21,12
2023-10-11,6,40
2023-10-11,7,34
2023-10-11,8,9
2023-10-11,9,36
2023-10-11,10,12
2023-10-11,11,26
2023-10-11,12,42
2023-10-11,13,5
2023-10-11,14,15
2023-10-11,15,42
2023-10-11,16,10
2023-10-11,17,24
2023-10-11,18,24
2023-10-11,19,22
2023-10-11,20,22
2023-10-11,21,11
2023-10-12,6,36
2023-10-12,7,30
2023-10-12,8,28
2023-10-12,9,16
2023-10-12,10,30
2023-10-12,11,34
2023-10-12,12,22
2023-10-12,13,8
2023-10-12,14,38
2023-10-12,15,27
2023-10-12,16,33
2023-10-12,17,13
2023-10-12,18,43
2023-10-12,19,16
2023-10-12,20,41
2023-10-12,21,16
2023-10-13,6,20
2023-10-13,7,23
2023-10-13,8,16
2023-10-13,9,5
2023-10-13,10,5
2023-10-13,11,23
2023-10-13,12,48
2023-10-13,13,41
2023-10-13,14,45
2023-10-13,15,48
2023-10-13,16,6
2023-10-13,17,17
2023-10-13,18,8
2023-10-13,19,23
2023-10-13,20,44
2023-10-13,21,49
2023-10-14,6,37
2023-10-14,7,21
2023-10-14,8,21
2023-10-14,9,8
2023-10-14,10,12
2023-10-14,11,34
2023-10-14,12,41
2023-10-14,13,36
2023-10-14,14,6
2023-10-14,15,29
2023-10-14,16,30
2023-10-14,17,45
2023-10-14,18,17
2023-10-14,19,23
2023-10-14,20,28
2023-10-14,21,13
2023-10-15,6,39
2023-10-15,7,36
2023-10-15,8,5
2023-10-15,9,35
2023-10-15,10,22
2023-10-15,11,19
2023-10-15,12,28
2023-10-15,13,5
2023-10-15,14,19
2023-10-15,15,27
2023-10-15,16,24
2023-10-15,17,34
2023-10-15,18,17
2023-10-15,19,9
2023-10-15,20,41
2023-10-15,21,15
2023-10-16,6,46
2023-10-16,7,10
2023-10-16,8,42
2023-10-16,9,29
2023-10-16,10,49
2023-10-16,11,42
2023-10-16,12,43
2023-10-16,13,44
2023-10-16,14,46
2023-10-16,15,47
2023-10-16,16,33
2023-10-16,17,41
2023-10-16,18,44
2023-10-16,19,37
2023-10-16,20,11
2023-10-16,21,22
2023-10-17,6,48
2023-10-17,7,44
2023-10-17,8,39
2023-10-17,9,14
2023-10-17,10,27
2023-10-17,11,18
2023-10-17,12,23
2023-10-17,13,34
2023-10-17,14,13
2023-10-17,15,9
2023-10-17,16,43
2023-10-17,17,49
2023-10-17,18,49
2023-10-17,19,36
2023-10-17,20,43
2023-10-17,21,44
2023-10-18,6,32
2023-10-18,7,40
2023-10-18,8,14
2023-10-18,9,8
2023-10-18,10,41
2023-10-18,11,32
2023-10-18,12,41
2023-10-18,13,28
2023-10-18,14,38
2023-10-18,15,47
2023-10-18,16,31
2023-10-18,17,5
2023-10-18,18,25
2023-10-18,19,11
2023-10-18,20,48
2023-10-18,21,44
2023-10-19,6,48
2023-10-19,7,19
2023-10-19,8,18
2023-10-19,9,34
2023-10-19,10,5
2023-10-19,11,7
2023-10-19,12,37
2023-10-19,13,15
2023-10-19,14,27
2023-10-19,15,45
2023-10-19,16,29
2023-10-19,17,8
2023-10-19,18,44
2023-10-19,19,36
2023-10-19,20,24
2023-10-19,21,20
2023-10-20,6,24
2023-10-20,7,38
2023-10-20,8,28
2023-10-20,9,12
2023-10-20,10,8
2023-10-20,11,34
2023-10-20,12,5
2023-10-20,13,31
2023-10-20,14,35
2023-10-20,15,17
2023-10-20,16,26
2023-10-20,17,11
2023-10-20,18,20
2023-10-20,19,31
2023-10-20,20,40
2023-10-20,21,7
2023-10-21,6,48
2023-10-21,7,22
2023-10-21,8,18
2023-10-21,9,5
2023-10-21,10,43
2023-10-21,11,23
2023-10-21,12,7
2023-10-21,13,26
2023-10-21,14,45
2023-10-21,15,5
2023-10-21,16,11
2023-10-21,17,33
2023-10-21,18,11
2023-10-21,19,13
2023-10-21,20,36
2023-10-21,21,48
2023-10-22,6,36
2023-10-22,7,20
2023-10-22,8,9
2023-10-22,9,38
2023-10-22,10,36
2023-10-22,11,42
2023-10-22,12,44
2023-10-22,13,23
2023-10-22,14,37
2023-10-22,15,33
2023-10-22,16,25
2023-10-22,17,41
2023-10-22,18,11
2023-10-22,19,46
2023-10-22,20,20
2023-10-22,21,17
2023-10-23,6,43
2023-10-23,7,41
2023-10-23,8,22
2023-10-23,9,14
2023-10-23,10,27
2023-10-23,11,27
2023-10-23,12,44
2023-10-23,13,40
2023-10-23,14,37
2023-10-23,15,49
2023-10-23,16,46
2023-10-23,17,16
2023-10-23,18,24
2023-10-23,19,38
2023-10-23,20,10
2023-10-23,21,14
2023-10-24,6,14
2023-10-24,7,7
2023-10-24,8,42
2023-10-24,9,32
2023-10-24,10,19
2023-10-24,11,48
2023-10-24,12,13
2023-10-24,13,8
2023-10-24,14,42
2023-10-24,15,34
2023-10-24,16,42
2023-10-24,17,37
2023-10-24,18,16
2023-10-24,19,39
2023-10-24,20,16
2023-10-24,21,39
2023-10-25,6,46
2023-10-25,7,42
2023-10-25,8,21
2023-10-25,9,37
2023-10-25,10,38
2023-10-25,11,23
2023-10-25,12,24
2023-10-25,13,30
2023-10-25,14,42
2023-10-25,15,46
2023-10-25,16,35
2023-10-25,17,14
2023-10-25,18,12
2023-10-25,19,11
2023-10-25,20,46
2023-10-25,21,37
2023-10-26,6,46
2023-10-26,7,26
2023-10-26,8,39
2023-10-26,9,13
2023-10-26,10,49
2023-10-26,11,42
2023-10-26,12,23
2023-10-26,13,36
2023-10-26,14,38
2023-10-26,15,48
2023-10-26,16,47
2023-10-26,17,17
2023-10-26,18,26
2023-10-26,19,39
2023-10-26,20,45
2023-10-26,21,19
2023-10-27,6,19
2023-10-27,7,40
2023-10-27,8,36
2023-10-27,9,18
2023-10-27,10,34
2023-10-27,11,18
2023-10-27,12,32
2023-10-27,13,39
2023-10-27,14,42
2023-10-27,15,44
2023-10-27,16,38
2023-10-27,17,9
2023-10-27,18,28
2023-10-27,19,13
2023-10-27,20,15
2023-10-27,21,24
2023-10-28,6,38
2023-10-28,7,43
2023-10-28,8,9
2023-10-28,9,37
2023-10-28,10,32
2023-10-28,11,40
2023-10-28,12,45
2023-10-28,13,34
2023-10-28,14,31
2023-10-28,15,46
2023-10-28,16,15
2023-10-28,17,21
2023-10-28,18,48
2023-10-28,19,36
2023-10-28,20,27
2023-10-28,21,49
2023-10-29,6,22
2023-10-29,7,26
2023-10-29,8,32
2023-10-29,9,46
2023-10-29,10,19
2023-10-29,11,24
2023-10-29,12,36
2023-10-29,13,27
2023-10-29,14,12
2023-10-29,15,47
2023-10-29,16,22
2023-10-29,17,40
2023-10-29,18,27
2023-10-29,19,26
2023-10-29,20,38
2023-10-29,21,24
2023-10-30,6,39
2023-10-30,7,20
2023-10-30,8,5
2023-10-30,9,48
2023-10-30,10,46
2023-10-30,11,17
2023-10-30,12,35
2023-10-30,13,30
2023-10-30,14,28
2023-10-30,15,32
2023-10-30,16,37
2023-10-30,17,28
2023-10-30,18,7
2023-10-30,19,28
2023-10-30,20,12
2023-10-30,21,48
2023-10-31,6,18
2023-10-31,7,6
2023-10-31,8,10
2023-10-31,9,16
2023-10-31,10,40
2023-10-31,11,30
2023-10-31,12,33
2023-10-31,13,8
2023-10-31,14,34
2023-10-31,15,20
2023-10-31,16,12
2023-10-31,17,36
2023-10-31,18,39
2023-10-31,19,44
2023-10-31,20,28
2023-10-31,21,35
2023-11-01,6,49
2023-11-01,7,43
2023-11-01,8,38
2023-11-01,9,9
2023-11-01,10,18
2023-11-01,11,41
2023-11-01,12,40
2023-11-01,13,21
2023-11-01,14,24
2023-11-01,15,5
2023-11-01,16,20
2023-11-01,17,47
2023-11-01,18,27
2023-11-01,19,15
2023-11-01,20,8
2023-11-01,21,48
2023-11-02,6,27
2023-11-02,7,35
2023-11-02,8,35
2023-11-02,9,9
2023-11-02,10,31
2023-11-02,11,33
2023-11-02,12,17
2023-11-02,13,49
2023-11-02,14,39
2023-11-02,15,13
2023-11-02,16,22
2023-11-02,17,19
2023-11-02,18,28
2023-11-02,19,35
2023-11-02,20,11
2023-11-02,21,13
2023-11-03,6,20
2023-11-03,7,38
2023-11-03,8,36
2023-11-03,9,27
2023-11-03,10,24
2023-11-03,11,49
2023-11-03,12,40
2023-11-03,13,13
2023-11-03,14,18
2023-11-03,15,47
2023-11-03,16,24
2023-11-03,17,17
2023-11-03,18,21
2023-11-03,19,26
2023-11-03,20,9
2023-11-03,21,40
2023-11-04,6,36
2023-11-04,7,33
2023-11-04,8,49
2023-11-04,9,16
2023-11-04,10,39
2023-11-04,11,8
2023-11-04,12,21
2023-11-04,13,25
2023-11-04,14,22
2023-11-04,15,43
2023-11-04,16,13
2023-11-04,17,18
2023-11-04,18,46
2023-11-04,19,46
2023-11-04,20,28
2023-11-04,21,17
2023-11-05,6,39
2023-11-05,7,20
2023-11-05,8,47
2023-11-05,9,8
2023-11-05,10,7
2023-11-05,11,38
2023-11-05,12,19
2023-11-05,13,35
2023-11-05,14,5
2023-11-05,15,5
2023-11-05,16,37
2023-11-05,17,30
2023-11-05,18,46
2023-11-05,19,5
2023-11-05,20,20
2023-11-05,21,41
2023-11-06,6,39
2023-11-06,7,12
2023-11-06,8,39
2023-11-06,9,6
2023-11-06,10,48
2023-11-06,11,22
2023-11-06,12,14
2023-11-06,13,14
2023-11-06,14,49
2023-11-06,15,16
2023-11-06,16,43
2023-11-06,17,28
2023-11-06,18,26
2023-11-06,19,45
2023-11-06,20,9
2023-11-06,21,26
2023-11-07,6,8
2023-11-07,7,45
2023-11-07,8,22
2023-11-07,9,34
2023-11-07,10,37
2023-11-07,11,26
2023-11-07,12,10
2023-11-07,13,42
2023-11-07,14,42
2023-11-07,15,15
2023-11-07,16,45
2023-11-07,17,11
2023-11-07,18,28
2023-11-07,19,12
2023-11-07,20,16
2023-11-07,21,14
2023-11-08,6,15
2023-11-08,7,24
2023-11-08,8,42
2023-11-08,9,48
2023-11-08,10,27
2023-11-08,11,26
2023-11-08,12,49
2023-11-08,13,26
2023-11-08,14,43
2023-11-08,15,45
2023-11-08,16,7
2023-11-08,17,39
2023-11-08,18,20
2023-11-08,19,22
2023-11-08,20,17
2023-11-08,21,26
2023-11-09,6,13
2023-11-09,7,10
2023-11-09,8,13
2023-11-09,9,22
2023-11-09,10,49
2023-11-09,11,37
2023-11-09,12,42
2023-11-09,13,26
2023-11-09,14,37
2023-11-09,15,48
2023-11-09,16,33
2023-11-09,17,20
2023-11-09,18,8
2023-11-09,19,40
2023-11-09,20,14
2023-11-09,21,36
2023-11-10,6,36
2023-11-10,7,18
2023-11-10,8,24
2023-11-10,9,22
2023-11-10,10,7
2023-11-10,11,10
2023-11-10,12,22
2023-11-10,13,36
2023-11-10,14,13
2023-11-10,15,30
2023-11-10,16,49
2023-11-10,17,46
2023-11-10,18,23
2023-11-10,19,10
2023-11-10,20,6
2023-11-10,21,32
2023-11-11,6,24
2023-11-11,7,18
2023-11-11,8,37
2023-11-11,9,8
2023-11-11,10,32
2023-11-11,11,41
2023-11-11,12,46
2023-11-11,13,34
2023-11-11,14,22
2023-11-11,15,13
2023-11-11,16,11
2023-11-11,17,40
2023-11-11,18,19
2023-11-11,19,31
2023-11-11,20,9
2023-11-11,21,47
2023-11-12,6,42
2023-11-12,7,9
2023-11-12,8,26
2023-11-12,9,27
2023-11-12,10,17
2023-11-12,11,10
2023-11-12,12,49
2023-11-12,13,49
2023-11-12,14,46
2023-11-12,15,38
2023-11-12,16,6
2023-11-12,17,13
2023-11-12,18,26
2023-11-12,19,30
2023-11-12,20,24
2023-11-12,21,14
2023-11-13,6,25
2023-11-13,7,15
2023-11-13,8,44
2023-11-13,9,25
2023-11-13,10,22
2023-11-13,11,6
2023-11-13,12,40
2023-11-13,13,33
2023-11-13,14,26
2023-11-13,15,20
2023-11-13,16,28
2023-11-13,17,6
2023-11-13,18,35
2023-11-13,19,30
2023-11-13,20,11
2023-11-13,21,40
2023-11-14,6,41
2023-11-14,7,22
2023-11-14,8,31
2023-11-14,9,34
2023-11-14,10,14
2023-11-14,11,45
2023-11-14,12,35
2023-11-14,13,20
2023-11-14,14,23
2023-11-14,15,40
2023-11-14,16,37
2023-11-14,17,10
2023-11-14,18,20
2023-11-14,19,49
2023-11-14,20,8
2023-11-14,21,13
2023-11-15,6,29
2023-11-15,7,27
2023-11-15,8,8
2023-11-15,9,9
2023-11-15,10,30
2023-11-15,11,31
2023-11-15,12,8
2023-11-15,13,25
2023-11-15,14,29
2023-11-15,15,15
2023-11-15,16,35
2023-11-15,17,21
2023-11-15,18,11
2023-11-15,19,45
2023-11-15,20,31
2023-11-15,21,17
2023-11-16,6,35
2023-11-16,7,8
2023-11-16,8,13
2023-11-16,9,47
2023-11-16,10,49
2023-11-16,11,34
2023-11-16,12,28
2023-11-16,13,46
2023-11-16,14,8
2023-11-16,15,7
2023-11-16,16,43
2023-11-16,17,33
2023-11-16,18,25
2023-11-16,19,16
2023-11-16,20,22
2023-11-16,21,9
2023-11-17,6,27
2023-11-17,7,21
2023-11-17,8,41
2023-11-17,9,35
2023-11-17,10,16
2023-11-17,11,26
2023-11-17,12,43
2023-11-17,13,49
2023-11-17,14,9
2023-11-17,15,24
2023-11-17,16,20
2023-11-17,17,14
2023-11-17,18,16
2023-11-17,19,10
2023-11-17,20,27
2023-11-17,21,29
2023-11-18,6,25
2023-11-18,7,23
2023-11-18,8,38
2023-11-18,9,44
2023-11-18,10,24
2023-11-18,11,45
2023-11-18,12,7
2023-11-18,13,11
2023-11-18,14,7
2023-11-18,15,47
2023-11-18,16,48
2023-11-18,17,49
2023-11-18,18,8
2023-11-18,19,38
2023-11-18,20,10
2023-11-18,21,25
2023-11-19,6,48
2023-11-19,7,46
2023-11-19,8,8
2023-11-19,9,16
2023-11-19,10,25
2023-11-19,11,38
2023-11-19,12,11
2023-11-19,13,44
2023-11-19,14,44
2023-11-19,15,25
2023-11-19,16,29
2023-11-19,17,10
2023-11-19,18,31
2023-11-19,19,39
2023-11-19,20,48
2023-11-19,21,5
2023-11-20,6,21
2023-11-20,7,9
2023-11-20,8,48
2023-11-20,9,36
2023-11-20,10,22
2023-11-20,11,49
2023-11-20,12,45
2023-11-20,13,39
2023-11-20,14,40
2023-11-20,15,46
2023-11-20,16,14
2023-11-20,17,6
2023-11-20,18,22
2023-11-20,19,39
2023-11-20,20,47
2023-11-20,21,26
2023-11-21,6,9
2023-11-21,7,28
2023-11-21,8,36
2023-11-21,9,38
2023-11-21,10,41
2023-11-21,11,15
2023-11-21,12,14
2023-11-21,13,27
2023-11-21,14,42
2023-11-21,15,14
2023-11-21,16,47
2023-11-21,17,11
2023-11-21,18,17
2023-11-21,19,27
2023-11-21,20,15
2023-11-21,21,39
2023-11-22,6,12
2023-11-22,7,27
2023-11-22,8,40
2023-11-22,9,11
2023-11-22,10,14
2023-11-22,11,16
2023-11-22,12,35
2023-11-22,13,15
2023-11-22,14,41
2023-11-22,15,30
2023-11-22,16,9
2023-11-22,17,11
2023-11-22,18,40
2023-11-22,19,11
2023-11-22,20,43
2023-11-22,21,46
2023-11-23,6,40
2023-11-23,7,10
2023-11-23,8,25
2023-11-23,9,5
2023-11-23,10,6
2023-11-23,11,7
2023-11-23,12,43
2023-11-23,13,38
2023-11-23,14,18
2023-11-23,15,29
2023-11-23,16,41
2023-11-23,17,41
2023-11-23,18,20
2023-11-23,19,19
2023-11-23,20,28
2023-11-23,21,45
2023-11-24,6,12
2023-11-24,7,6
2023-11-24,8,46
2023-11-24,9,30
2023-11-24,10,22
2023-11-24,11,22
2023-11-24,12,23
2023-11-24,13,41
2023-11-24,14,37
2023-11-24,15,36
2023-11-24,16,29
2023-11-24,17,31
2023-11-24,18,25
2023-11-24,19,27
2023-11-24,20,15
2023-11-24,21,25
2023-11-25,6,47
2023-11-25,7,35
2023-11-25,8,39
2023-11-25,9,39
2023-11-25,10,20
2023-11-25,11,35
2023-11-25,12,17
2023-11-25,13,46
2023-11-25,14,23
2023-11-25,15,14
2023-11-25,16,42
2023-11-25,17,9
2023-11-25,18,8
2023-11-25,19,44
2023-11-25,20,16
2023-11-25,21,49
2023-11-26,6,45
2023-11-26,7,30
2023-11-26,8,47
2023-11-26,9,19
2023-11-26,10,36
2023-11-26,11,33
2023-11-26,12,34
2023-11-26,13,33
2023-11-26,14,31
2023-11-26,15,19
2023-11-26,16,40
2023-11-26,17,32
2023-11-26,18,20
2023-11-26,19,14
2023-11-26,20,38
2023-11-26,21,16
2023-11-27,6,29
2023-11-27,7,12
2023-11-27,8,36
2023-11-27,9,28
2023-11-27,10,9
2023-11-27,11,23
2023-11-27,12,15
2023-11-27,13,21
2023-11-27,14,32
2023-11-27,15,28
2023-11-27,16,42
2023-11-27,17,16
2023-11-27,18,35
2023-11-27,19,11
2023-11-27,20,7
2023-11-27,21,16
2023-11-28,6,30
2023-11-28,7,44
2023-11-28,8,7
2023-11-28,9,42
2023-11-28,10,33
2023-11-28,11,44
2023-11-28,12,48
2023-11-28,13,49
2023-11-28,14,25
2023-11-28,15,33
2023-11-28,16,33
2023-11-28,17,30
2023-11-28,18,20
2023-11-28,19,15
2023-11-28,20,42
2023-11-28,21,30
2023-11-29,6,34
2023-11-29,7,46
2023-11-29,8,43
2023-11-29,9,27
2023-11-29,10,13
2023-11-29,11,32
2023-11-29,12,26
2023-11-29,13,46
2023-11-29,14,32
2023-11-29,15,16
2023-11-29,16,23
2023-11-29,17,48
2023-11-29,18,23
2023-11-29,19,24
2023-11-29,20,42
2023-11-29,21,24
2023-11-30,6,6
2023-11-30,7,27
2023-11-30,8,22
2023-11-30,9,25
2023-11-30,10,35
2023-11-30,11,9
2023-11-30,12,12
2023-11-30,13,47
2023-11-30,14,19
2023-11-30,15,41
2023-11-30,16,18
2023-11-30,17,32
2023-11-30,18,14
2023-11-30,19,10
2023-11-30,20,24
2023-11-30,21,8
2023-12-01,6,7
2023-12-01,7,35
2023-12-01,8,24
2023-12-01,9,47
2023-12-01,10,29
2023-12-01,11,29
2023-12-01,12,16
2023-12-01,13,24
2023-12-01,14,45
2023-12-01,15,47
2023-12-01,16,32
2023-12-01,17,35
2023-12-01,18,13
2023-12-01,19,13
2023-12-01,20,43
2023-12-01,21,13
2023-12-02,6,37
2023-12-02,7,40
2023-12-02,8,42
2023-12-02,9,26
2023-12-02,10,47
2023-12-02,11,5
2023-12-02,12,18
2023-12-02,13,21
2023-12-02,14,28
2023-12-02,15,13
2023-12-02,16,14
2023-12-02,17,22
2023-12-02,18,13
2023-12-02,19,17
2023-12-02,20,47
2023-12-02,21,38
2023-12-03,6,8
2023-12-03,7,47
2023-12-03,8,35
2023-12-03,9,35
2023-12-03,10,31
2023-12-03,11,45
2023-12-03,12,29
2023-12-03,13,28
2023-12-03,14,16
2023-12-03,15,25
2023-12-03,16,21
2023-12-03,17,6
2023-12-03,18,32
2023-12-03,19,18
2023-12-03,20,13
2023-12-03,21,8
2023-12-04,6,9
2023-12-04,7,17
2023-12-04,8,25
2023-12-04,9,18
2023-12-04,10,22
2023-12-04,11,13
2023-12-04,12,30
2023-12-04,13,46
2023-12-04,14,48
2023-12-04,15,31
2023-12-04,16,45
2023-12-04,17,25
2023-12-04,18,34
2023-12-04,19,48
2023-12-04,20,14
2023-12-04,21,36
2023-12-05,6,10
2023-12-05,7,30
2023-12-05,8,28
2023-12-05,9,45
2023-12-05,10,18
2023-12-05,11,49
2023-12-05,12,30
2023-12-05,13,40
2023-12-05,14,11
2023-12-05,15,41
2023-12-05,16,40
2023-12-05,17,6
2023-12-05,18,33
2023-12-05,19,24
2023-12-05,20,46
2023-12-05,21,44
2023-12-06,6,13
2023-12-06,7,35
2023-12-06,8,25
2023-12-06,9,39
2023-12-06,10,33
2023-12-06,11,22
2023-12-06,12,34
2023-12-06,13,17
2023-12-06,14,15
2023-12-06,15,29
2023-12-06,16,30
2023-12-06,17,24
2023-12-06,18,29
2023-12-06,19,14
2023-12-06,20,17
2023-12-06,21,36
2023-12-07,6,39
2023-12-07,7,29
2023-12-07,8,28
2023-12-07,9,33
2023-12-07,10,39
2023-12-07,11,25
2023-12-07,12,16
2023-12-07,13,49
2023-12-07,14,11
2023-12-07,15,11
2023-12-07,16,25
2023-12-07,17,21
2023-12-07,18,8
2023-12-07,19,49
2023-12-07,20,37
2023-12-07,21,12
2023-12-08,6,22
2023-12-08,7,20
2023-12-08,8,35
2023-12-08,9,45
2023-12-08,10,21
2023-12-08,11,33
2023-12-08,12,45
2023-12-08,13,21
2023-12-08,14,30
2023-12-08,15,14
2023-12-08,16,19
2023-12-08,17,35
2023-12-08,18,44
2023-12-08,19,12
2023-12-08,20,49
2023-12-08,21,44
2023-12-09,6,6
2023-12-09,7,19
2023-12-09,8,28
2023-12-09,9,32
2023-12-09,10,10
2023-12-09,11,44
2023-12-09,12,7
2023-12-09,13,20
2023-12-09,14,6
2023-12-09,15,14
2023-12-09,16,7
2023-12-09,17,15
2023-12-09,18,29
2023-12-09,19,6
2023-12-09,20,13
2023-12-09,21,23
2023-12-10,6,34
2023-12-10,7,5
2023-12-10,8,27
2023-12-10,9,44
2023-12-10,10,5
2023-12-10,11,15
2023-12-10,12,20
2023-12-10,13,33
2023-12-10,14,43
2023-12-10,15,11
2023-12-10,16,42
2023-12-10,17,8
2023-12-10,18,40
2023-12-10,19,14
2023-12-10,20,28
2023-12-10,21,34
2023-12-11,6,14
2023-12-11,7,48
2023-12-11,8,45
2023-12-11,9,11
2023-12-11,10,37
2023-12-11,11,24
2023-12-11,12,10
2023-12-11,13,26
2023-12-11,14,20
2023-12-11,15,20
2023-12-11,16,38
2023-12-11,17,27
2023-12-11,18,7
2023-12-11,19,26
2023-12-11,20,32
2023-12-11,21,23
2023-12-12,6,42
2023-12-12,7,46
2023-12-12,8,44
2023-12-12,9,25
2023-12-12,10,37
2023-12-12,11,7
2023-12-12,12,37
2023-12-12,13,12
2023-12-12,14,43
2023-12-12,15,15
2023-12-12,16,46
2023-12-12,17,32
2023-12-12,18,32
2023-12-12,19,33
2023-12-12,20,24
2023-12-12,21,47
2023-12-13,6,35
2023-12-13,7,21
2023-12-13,8,18
2023-12-13,9,40
2023-12-13,10,37
2023-12-13,11,25
2023-12-13,12,41
2023-12-13,13,38
2023-12-13,14,46
2023-12-13,15,22
2023-12-13,16,13
2023-12-13,17,22
2023-12-13,18,9
2023-12-13,19,16
2023-12-13,20,6
2023-12-13,21,6
2023-12-14,6,25
2023-12-14,7,20
2023-12-14,8,40
2023-12-14,9,39
2023-12-14,10,24
2023-12-14,11,38
2023-12-14,12,38
2023-12-14,13,24
2023-12-14,14,16
2023-12-14,15,49
2023-12-14,16,27
2023-12-14,17,37
2023-12-14,18,11
2023-12-14,19,49
2023-12-14,20,8
2023-12-14,21,19
2023-12-15,6,15
2023-12-15,7,9
2023-12-15,8,18
2023-12-15,9,47
2023-12-15,10,44
2023-12-15,11,13
2023-12-15,12,48
2023-12-15,13,36
2023-12-15,14,25
2023-12-15,15,29
2023-12-15,16,22
2023-12-15,17,15
2023-12-15,18,41
2023-12-15,19,35
2023-12-15,20,35
2023-12-15,21,45
2023-12-16,6,44
2023-12-16,7,22
2023-12-16,8,26
2023-12-16,9,21
2023-12-16,10,49
2023-12-16,11,27
2023-12-16,12,42
2023-12-16,13,32
2023-12-16,14,11
2023-12-16,15,38
2023-12-16,16,6
2023-12-16,17,48
2023-12-16,18,6
2023-12-16,19,26
2023-12-16,20,5
2023-12-16,21,38
2023-12-17,6,41
2023-12-17,7,15
2023-12-17,8,31
2023-12-17,9,18
2023-12-17,10,12
2023-12-17,11,21
2023-12-17,12,17
2023-12-17,13,44
2023-12-17,14,11
2023-12-17,15,19
2023-12-17,16,45
2023-12-17,17,19
2023-12-17,18,47
2023-12-17,19,40
2023-12-17,20,18
2023-12-17,21,34
2023-12-18,6,40
2023-12-18,7,18
2023-12-18,8,8
2023-12-18,9,13
2023-12-18,10,37
2023-12-18,11,12
2023-12-18,12,19
2023-12-18,13,42
2023-12-18,14,33
2023-12-18,15,5
2023-12-18,16,42
2023-12-18,17,31
2023-12-18,18,18
2023-12-18,19,12
2023-12-18,20,11
2023-12-18,21,28
2023-12-19,6,20
2023-12-19,7,5
2023-12-19,8,46
2023-12-19,9,16
2023-12-19,10,45
2023-12-19,11,14
2023-12-19,12,46
2023-12-19,13,39
2023-12-19,14,38
2023-12-19,15,13
2023-12-19,16,26
2023-12-19,17,41
2023-12-19,18,16
2023-12-19,19,40
2023-12-19,20,46
2023-12-19,21,36
2023-12-20,6,21
2023-12-20,7,6
2023-12-20,8,35
2023-12-20,9,24
2023-12-20,10,42
2023-12-20,11,9
2023-12-20,12,12
2023-12-20,13,20
2023-12-20,14,36
2023-12-20,15,7
2023-12-20,16,13
2023-12-20,17,40
2023-12-20,18,37
2023-12-20,19,10
2023-12-20,20,36
2023-12-20,21,22
2023-12-21,6,8
2023-12-21,7,48
2023-12-21,8,32
2023-12-21,9,39
2023-12-21,10,38
2023-12-21,11,38
2023-12-21,12,41
2023-12-21,13,37
2023-12-21,14,20
2023-12-21,15,42
2023-12-21,16,41
2023-12-21,17,48
2023-12-21,18,21
2023-12-21,19,27
2023-12-21,20,15
2023-12-21,21,38
2023-12-22,6,29
2023-12-22,7,23
2023-12-22,8,12
2023-12-22,9,8
2023-12-22,10,10
2023-12-22,11,28
2023-12-22,12,24
2023-12-22,13,7
2023-12-22,14,45
2023-12-22,15,27
2023-12-22,16,23
2023-12-22,17,5
2023-12-22,18,7
2023-12-22,19,27
2023-12-22,20,5
2023-12-22,21,9
2023-12-23,6,32
2023-12-23,7,9
2023-12-23,8,23
2023-12-23,9,48
2023-12-23,10,17
2023-12-23,11,34
2023-12-23,12,12
2023-12-23,13,21
2023-12-23,14,29
2023-12-23,15,16
2023-12-23,16,33
2023-12-23,17,47
2023-12-23,18,5
2023-12-23,19,6
2023-12-23,20,38
2023-12-23,21,37
2023-12-24,6,5
2023-12-24,7,14
2023-12-24,8,22
2023-12-24,9,26
2023-12-24,10,35
2023-12-24,11,6
2023-12-24,12,27
2023-12-24,13,7
2023-12-24,14,48
2023-12-24,15,28
2023-12-24,16,29
2023-12-24,17,45
2023-12-24,18,17
2023-12-24,19,14
2023-12-24,20,10
2023-12-24,21,9
2023-12-25,6,43
2023-12-25,7,20
2023-12-25,8,47
2023-12-25,9,25
2023-12-25,10,46
2023-12-25,11,44
2023-12-25,12,9
2023-12-25,13,37
2023-12-25,14,7
2023-12-25,15,19
2023-12-25,16,14
2023-12-25,17,5
2023-12-25,18,14
2023-12-25,19,20
2023-12-25,20,35
2023-12-25,21,48
2023-12-26,6,32
2023-12-26,7,41
2023-12-26,8,31
2023-12-26,9,15
2023-12-26,10,25
2023-12-26,11,41
2023-12-26,12,42
2023-12-26,13,38
2023-12-26,14,26
2023-12-26,15,14
2023-12-26,16,8
2023-12-26,17,48
2023-12-26,18,9
2023-12-26,19,27
2023-12-26,20,20
2023-12-26,21,23
2023-12-27,6,19
2023-12-27,7,29
2023-12-27,8,16
2023-12-27,9,37
2023-12-27,10,46
2023-12-27,11,12
2023-12-27,12,7
2023-12-27,13,48
2023-12-27,14,43
2023-12-27,15,42
2023-12-27,16,9
2023-12-27,17,43
2023-12-27,18,36
2023-12-27,19,27
2023-12-27,20,23
2023-12-27,21,31
2023-12-28,6,25
2023-12-28,7,38
2023-12-28,8,6
2023-12-28,9,13
2023-12-28,10,35
2023-12-28,11,36
2023-12-28,12,14
2023-12-28,13,40
2023-12-28,14,29
2023-12-28,15,5
2023-12-28,16,26
2023-12-28,17,9
2023-12-28,18,37
2023-12-28,19,21
2023-12-28,20,26
2023-12-28,21,23
2023-12-29,6,39
2023-12-29,7,39
2023-12-29,8,48
2023-12-29,9,23
2023-12-29,10,31
2023-12-29,11,15
2023-12-29,12,46
2023-12-29,13,32
2023-12-29,14,14
2023-12-29,15,39
2023-12-29,16,22
2023-12-29,17,9
2023-12-29,18,10
2023-12-29,19,26
2023-12-29,20,34
2023-12-29,21,22
2023-12-30,6,49
2023-12-30,7,5
2023-12-30,8,8
2023-12-30,9,46
2023-12-30,10,28
2023-12-30,11,21
2023-12-30,12,47
2023-12-30,13,25
2023-12-30,14,12
2023-12-30,15,22
2023-12-30,16,37
2023-12-30,17,34
2023-12-30,18,13
2023-12-30,19,15
2023-12-30,20,8
2023-12-30,21,6
2023-12-31,6,31
2023-12-31,7,22
2023-12-31,8,41
2023-12-31,9,38
2023-12-31,10,15
2023-12-31,11,6
2023-12-31,12,35
2023-12-31,13,48
2023-12-31,14,29
2023-12-31,15,46
2023-12-31,16,23
2023-12-31,17,36
2023-12-31,18,40
2023-12-31,19,11
2023-12-31,20,18
2023-12-31,21,49
